set,rule,final,cagr,maxdd,cash
actual,S-0.04_M10_MA50,2268830.2074516783,0.44404362383468277,-0.720078409264852,0.08261700095510983
actual,S-0.04_M10_MA100,1130898.6610057314,0.38489938404756674,-0.8057233512824347,0.0943170964660936
actual,S-0.04_M10_MA200,1514374.9732667487,0.4094021802450849,-0.6580211636692995,0.08094555873925502
actual,S-0.04_M20_MA50,2780145.9319540584,0.4617796443285809,-0.6649390543445368,0.08166189111747851
actual,S-0.04_M20_MA100,1327863.6497290742,0.39831971781301423,-0.767454459417988,0.0943170964660936
actual,S-0.04_M20_MA200,1474669.8546238272,0.4071548169212127,-0.6556709797999842,0.0936007640878701
actual,S-0.045_M10_MA50,2878984.8275649482,0.46485011650704444,-0.723053857787053,0.05873925501432665
actual,S-0.045_M10_MA100,1699318.7963688634,0.41919030147089265,-0.7848921856841368,0.06781279847182425
actual,S-0.045_M10_MA200,2181439.2159436606,0.44064072127501563,-0.6431892662635974,0.06996179560649475
actual,S-0.045_M20_MA50,3274469.02105414,0.4762192550234745,-0.7230538577870526,0.05420248328557784
actual,S-0.045_M20_MA100,1851998.2260086285,0.42654334910316183,-0.7848921856841367,0.06423113658070678
actual,S-0.045_M20_MA200,2377435.9270939054,0.44810490689800253,-0.6431892662635974,0.06638013371537727
actual,S-0.05_M10_MA50,2499098.070060952,0.4524523175929731,-0.7230538577870528,0.04035339063992359
actual,S-0.05_M10_MA100,1594407.361281778,0.4137685795895063,-0.7848921856841362,0.04727793696275072
actual,S-0.05_M10_MA200,2444969.184229981,0.4505432399098763,-0.6272556491084011,0.06327602674307545
actual,S-0.05_M20_MA50,2499098.070060952,0.4524523175929731,-0.7230538577870528,0.04035339063992359
actual,S-0.05_M20_MA100,1594407.361281778,0.4137685795895063,-0.7848921856841362,0.04727793696275072
actual,S-0.05_M20_MA200,2444969.184229981,0.4505432399098763,-0.6272556491084011,0.06327602674307545
synthetic,S-0.04_M10_MA50,3135.60663563662,-0.04154003758369218,-0.9839579621042844,0.23418865196964223
synthetic,S-0.04_M10_MA100,4016.873476353247,-0.01970997959513643,-0.967389636214883,0.3043006866642573
synthetic,S-0.04_M10_MA200,503.1812555502414,-0.18843298565502942,-0.9871507133260248,0.3816407661727503
synthetic,S-0.04_M20_MA50,9721.345145084199,0.062320296650799856,-0.9686676901204823,0.22587640043368268
synthetic,S-0.04_M20_MA100,13469.652376925354,0.09429229147549378,-0.919331520366608,0.29382002168413446
synthetic,S-0.04_M20_MA200,1868.5754538867177,-0.08560719029408981,-0.9483932564673889,0.385977593061077
synthetic,S-0.045_M10_MA50,3083.437408697694,-0.043001077559536194,-0.9823246316745381,0.18033971810625227
synthetic,S-0.045_M10_MA100,3731.9018934144015,-0.026247081696362695,-0.9711235018147517,0.24611492591254067
synthetic,S-0.045_M10_MA200,693.3613686044253,-0.16442681439888274,-0.9824388302745711,0.3238164076617275
synthetic,S-0.045_M20_MA50,6276.229990154455,0.02088547630679627,-0.9749588121404935,0.17600289121792556
synthetic,S-0.045_M20_MA100,8369.836902608828,0.04795934139673741,-0.9472155562254713,0.24358511022768342
synthetic,S-0.045_M20_MA200,2377.4417159724017,-0.06536164461238503,-0.9397851403654914,0.32598482110589083
synthetic,S-0.05_M10_MA50,1953.1802207706687,-0.08191802011328586,-0.9930073948427792,0.1315504156125768
synthetic,S-0.05_M10_MA100,2179.860410688107,-0.07270611307822872,-0.98817646511762,0.17491868449584388
synthetic,S-0.05_M10_MA200,1635.4779988456182,-0.09661831653125719,-0.989504862046047,0.22262378026743765
synthetic,S-0.05_M20_MA50,2919.241871439977,-0.047750867624745674,-0.9916037069672355,0.13227322009396458
synthetic,S-0.05_M20_MA100,4061.618591305646,-0.01872208302687084,-0.9823014123775213,0.18250813155041562
synthetic,S-0.05_M20_MA200,4752.882429525793,-0.0045981337641236575,-0.9754968828792591,0.22587640043368268
