symbol,Date,open,high,low,close,adj_close
TQQQ,2026-09-28,78.29,78.60,75.47,77.04,77.04
TQQQ,2026-09-29,78.13,78.26,76.62,77.46,77.46
TQQQ,2026-09-30,78.13,79.68,77.94,78.03,78.03
TQQQ,2026-10-01,78.88,79.53,76.87,78.73,78.73
TQQQ,2026-10-02,81.59,82.61,80.37,81.01,81.01
SPXL,2026-09-28,287.84,289.16,282.58,284.66,284.66
SPXL,2026-09-29,286.09,286.09,281.00,283.20,283.20
SPXL,2026-09-30,285.44,288.72,280.68,281.10,281.10
SPXL,2026-10-01,283.06,284.44,276.92,282.70,282.70
SPXL,2026-10-02,289.71,291.98,285.90,288.65,288.65
SOXL,2026-09-28,148.14,149.99,135.21,142.29,142.29
SOXL,2026-09-29,148.94,152.37,145.49,147.00,147.00
SOXL,2026-09-30,147.95,150.77,144.41,147.86,147.86
SOXL,2026-10-01,148.56,156.71,144.31,153.69,153.69
SOXL,2026-10-02,165.39,169.75,162.40,163.71,163.71
UDOW,2026-09-28,65.14,66.20,64.78,65.08,65.08
UDOW,2026-09-29,64.94,65.12,63.69,64.56,64.56
UDOW,2026-09-30,65.02,65.06,62.86,62.96,62.96
UDOW,2026-10-01,63.24,63.80,61.49,62.92,62.92
UDOW,2026-10-02,64.35,64.56,62.93,63.78,63.78
TNA,2026-09-28,59.27,60.30,58.30,59.10,59.10
TNA,2026-09-29,59.22,59.70,57.43,58.44,58.44
TNA,2026-09-30,59.15,59.31,57.68,57.74,57.74
TNA,2026-10-01,57.33,59.36,56.17,58.37,58.37
TNA,2026-10-02,60.39,61.15,59.49,59.85,59.85
SPY,2026-09-28,768.35,769.54,763.72,765.61,765.61
SPY,2026-09-29,766.83,766.98,762.35,764.20,764.20
SPY,2026-09-30,766.45,769.41,762.18,762.63,762.63
SPY,2026-10-01,764.36,765.65,758.79,763.99,763.99
SPY,2026-10-02,770.58,772.65,767.15,769.64,769.64
QQQ,2026-09-28,740.46,741.42,731.63,736.53,736.53
QQQ,2026-09-29,740.15,740.58,735.34,737.93,737.93
QQQ,2026-09-30,740.19,745.10,739.46,739.77,739.77
QQQ,2026-10-01,742.51,744.67,736.25,742.03,742.03
QQQ,2026-10-02,751.31,754.54,747.53,749.58,749.58
SOXX,2026-09-28,568.71,570.87,551.95,560.79,560.79
SOXX,2026-09-29,569.79,574.47,565.30,567.44,567.44
SOXX,2026-09-30,568.73,572.32,564.01,568.64,568.64
SOXX,2026-10-01,569.19,579.98,564.04,576.33,576.33
SOXX,2026-10-02,590.91,596.44,587.25,588.90,588.90
DIA,2026-09-28,514.29,517.04,513.30,514.02,514.02
DIA,2026-09-29,513.79,514.26,510.46,512.88,512.88
DIA,2026-09-30,513.99,514.16,508.34,508.55,508.55
DIA,2026-10-01,509.37,510.95,504.70,508.62,508.62
DIA,2026-10-02,512.54,513.06,508.69,511.10,511.10
IWM,2026-09-28,280.33,281.93,278.80,280.02,280.02
IWM,2026-09-29,280.25,281.05,277.41,279.01,279.01
IWM,2026-09-30,280.17,280.48,277.86,277.89,277.89
IWM,2026-10-01,277.36,280.61,275.45,279.02,279.02
IWM,2026-10-02,282.33,283.57,280.89,281.52,281.52
