strategy,final_balance,cagr,maxdd,tqqq_pct,qqq_pct
TQQQ_BH,2182580.136143764,0.4406859668732266,-0.8165985211000679,1.0,0.0
L10_S0.01_W-0.02,171786.6870788879,0.2366866749147014,-0.6884607914686292,0.5138490926456543,0.13777459407831902
L10_S0.01_W-0.05,157291.94145569083,0.23015615588221472,-0.7265377120187657,0.5138490926456543,0.15281757402101243
L10_S0.01_W0,147512.18825027798,0.2254221954314155,-0.6610515798668658,0.5138490926456543,0.07927411652340019
L20_S0.02_W-0.05,136199.88182532022,0.21956358818485544,-0.5195631011961946,0.4954632282712512,0.18529130850047756
L20_S0.01_W-0.05,135997.29194727162,0.2194545535525969,-0.6889744359795167,0.5912129894937918,0.11485195797516715
L20_S0.02_W-0.02,133236.7906083482,0.21795342964990128,-0.5152204848080557,0.4954632282712512,0.16499522445081186
L20_S0.01_W-0.02,133038.6081664896,0.21784453897327172,-0.6733924309457188,0.5912129894937918,0.09455587392550144
L10_S0.02_W-0.02,121479.07185787703,0.2112136249964065,-0.5583369404381755,0.37177650429799425,0.2576408787010506
L20_S0.02_W0,115164.6773652431,0.20733650075214372,-0.5207348214464422,0.4954632282712512,0.11938872970391595
L20_S0.01_W0,114993.37620381714,0.20722855927812311,-0.6743905440452821,0.5912129894937918,0.04894937917860554
L10_S0.02_W-0.05,111229.1026951693,0.20481762042152618,-0.6071628262795867,0.37177650429799425,0.272683858643744
L10_S0.02_W0,104313.3436069991,0.20018116923748086,-0.5553182545618667,0.37177650429799425,0.1991404011461318
L10_S0.02_W0.01,87578.78767871251,0.18764181984896888,-0.5758566123011966,0.37177650429799425,0.11986628462273162
L20_S0.02_W0.01,79738.17439573574,0.18097012386070155,-0.5534044304078929,0.4954632282712512,0.0704393505253104
L20_S0.05_W-0.05,70907.68150272389,0.17267390662525295,-0.3399541708332984,0.22325692454632282,0.4386341929321872
L20_S0.05_W-0.02,69365.05220333795,0.1711256553345748,-0.3274953503328384,0.22325692454632282,0.4183381088825215
L20_S0.05_W0,59956.44161756217,0.16091692525480528,-0.3421997035365272,0.22325692454632282,0.3727316141356256
L50_S0.01_W-0.05,42906.13850465471,0.1378180997640306,-0.6078552565077104,0.6857688634192932,0.07139446036294174
L20_S0.05_W0.01,41512.87796940193,0.13556428067572202,-0.3663109741487278,0.22325692454632282,0.3237822349570201
L50_S0.01_W-0.02,35635.4229355986,0.12519920230498727,-0.6361399263137972,0.6857688634192932,0.05038204393505253
L50_S0.01_W0,34794.81393919654,0.12358700265253342,-0.6218726438745263,0.6857688634192932,0.025071633237822348
L50_S0.02_W-0.05,31577.13602736656,0.1170574187358151,-0.6399934454162155,0.6327602674307545,0.10816618911174786
L20_S0.1_W-0.05,28834.390684268386,0.11097746229641281,-0.2714050081549936,0.0336676217765043,0.6246418338108882
L20_S0.1_W-0.02,28207.08522233779,0.10951066723923897,-0.24871475507701057,0.0336676217765043,0.6043457497612226
L5_S0.01_W-0.02,28123.423589937614,0.1093127329951129,-0.7114640764886981,0.419054441260745,0.2027220630372493
L5_S0.01_W-0.05,28060.950898053983,0.10916456818848874,-0.7309048168736225,0.419054441260745,0.2141833810888252
L5_S0.01_W0,26306.110356155976,0.1048706684762084,-0.7083493440985913,0.419054441260745,0.12702960840496658
L50_S0.02_W-0.02,26226.1913247692,0.10466876625628863,-0.6712358072875673,0.6327602674307545,0.08715377268385864
L50_S0.1_W-0.05,25903.486481882257,0.10384757974122949,-0.4839845726792592,0.16809933142311365,0.5296084049665711
L50_S0.02_W0,25607.538014303405,0.10308598287234538,-0.6593719457759397,0.6327602674307545,0.06184336198662846
L20_S0.1_W0,24381.102653496026,0.09983903647026326,-0.25623873620702475,0.0336676217765043,0.5587392550143266
L50_S0.05_W-0.05,22057.90506690384,0.09324373206069403,-0.6615386550771754,0.45391595033428844,0.2545367717287488
L50_S0.1_W-0.02,21513.977450762253,0.09160543011989919,-0.5287658148713459,0.16809933142311365,0.5085959885386819
L50_S0.1_W0,21006.481215171738,0.09004136404924279,-0.5117607479089552,0.16809933142311365,0.48328557784145176
L50_S0.02_W0.01,19224.471374892964,0.08425285709436436,-0.6772321280766801,0.6327602674307545,0.03677172874880611
L50_S0.05_W-0.02,18320.054041850337,0.08111918372078097,-0.6909112642224968,0.45391595033428844,0.2335243553008596
L10_S0.05_W-0.02,18048.79384460909,0.08015093078238067,-0.43373116989586724,0.09192932187201529,0.522683858643744
L50_S0.05_W0,17887.899714119274,0.07957014247663108,-0.679757415849248,0.45391595033428844,0.2082139446036294
L10_S0.1_W-0.02,16962.834962482262,0.07613245872564312,-0.259628837815859,0.0054918815663801334,0.60792741165234
L20_S0.1_W0.01,16881.084198925753,0.07582023927707748,-0.2805984319948255,0.0336676217765043,0.5097898758357211
L10_S0.05_W-0.05,16525.901238484,0.0744470234350163,-0.5016644885235515,0.09192932187201529,0.5377268385864374
L50_S0.1_W0.01,15770.297659334796,0.07143095068972771,-0.5438035566862436,0.16809933142311365,0.4582139446036294
L10_S0.1_W-0.05,15531.571678869588,0.07044977155375287,-0.33798696497219416,0.0054918815663801334,0.6229703915950334
L10_S0.05_W0,15498.390012456572,0.07031227217510683,-0.4092606600625742,0.09192932187201529,0.46418338108882523
L5_S0.02_W-0.02,14933.91217336952,0.06792976724375999,-0.6300548222992874,0.23997134670487105,0.35912129894937916
L5_S0.02_W-0.05,14900.738342636007,0.06778712973249323,-0.6509974251595285,0.23997134670487105,0.37058261700095513
L10_S0.1_W0,14565.883694439055,0.0663304027574656,-0.26276298416329824,0.0054918815663801334,0.5494269340974212
L5_S0.02_W0,13968.894662681143,0.06365341415895642,-0.5878481438573344,0.23997134670487105,0.2834288443170965
L5_S0.1_W-0.02,13762.398385856515,0.06270236874138302,-0.24803218055790555,0.0011938872970391596,0.5900191021967526
L5_S0.1_W-0.05,13731.826927470936,0.06256042942501128,-0.2944059312723467,0.0011938872970391596,0.6014804202483286
L50_S0.05_W0.01,13429.069823852817,0.06113850560053491,-0.7007747180066211,0.45391595033428844,0.18314231136580708
L10_S0.05_W0.01,13012.04775274537,0.05912977749878823,-0.47888776663103727,0.09192932187201529,0.384909264565425
L5_S0.1_W0,12873.08316307753,0.0584469479335854,-0.25622566486440423,0.0011938872970391596,0.5143266475644699
L10_S0.1_W0.01,12229.139545504024,0.05518951017683671,-0.2627629841632979,0.0054918815663801334,0.470152817574021
L5_S0.05_W-0.02,11015.338018730701,0.04858506861858913,-0.5438906836939821,0.035577841451766956,0.5561127029608405
L5_S0.05_W-0.05,10990.868813698171,0.04844501487242736,-0.5839375241962141,0.035577841451766956,0.5675740210124164
L5_S0.05_W0,10303.53564900851,0.04438617826979807,-0.48354542968681136,0.035577841451766956,0.4804202483285578
L5_S0.02_W0.01,10020.277419040029,0.042638955556447256,-0.6989304518925024,0.23997134670487105,0.1563992359121299
L5_S0.1_W0.01,9234.221292900233,0.037535352789701104,-0.3370327894996946,0.0011938872970391596,0.38729703915950336
L5_S0.05_W0.01,7391.013254316975,0.023752379876326835,-0.5668824496688478,0.035577841451766956,0.3533906399235912
