strategy,final_balance,cagr,maxdd,cash_pct
SHOCK_L1_-0.05_C7,5851681.48924642,0.5286055219627128,-0.7473895103620183,0.014565425023877745
SHOCK_L1_-0.05_C10,5682100.240883749,0.5259078164975142,-0.714604449413003,0.01886341929321872
SHOCK_L1_-0.05_C1,4658180.765442428,0.5078051078924743,-0.787715810118782,0.004536771728748806
SHOCK_L1_-0.05_C3,4616490.192339576,0.5069911246689631,-0.7500792474522521,0.008118433619866285
SHOCK_L1_-0.05_C5,4090828.044938566,0.4960885043756451,-0.7635929668178698,0.011461318051575931
SHOCK_L3_-0.1_C10,3379185.296546751,0.4790130628717364,-0.7769990946242106,0.019818529130850047
SHOCK_L3_-0.1_C7,3243871.628050643,0.475387061747613,-0.8253430307193722,0.014804202483285577
SHOCK_L1_-0.05_C20,3117887.706415155,0.4718809212741748,-0.7243609080869791,0.03319006685768863
SHOCK_L1_-0.07_C3,3068463.738652207,0.47046896332731025,-0.8165984871367221,0.0014326647564469914
SHOCK_L1_-0.05_C2,3065839.538033843,0.47039339814461134,-0.772308692494695,0.0064469914040114614
SHOCK_L2_-0.07_C1,2936607.329397945,0.46659477040240716,-0.8114131728667372,0.0026265520534861507
SHOCK_L1_-0.07_C1,2837835.2501292247,0.4635840135876499,-0.8165984871367225,0.0009551098376313276
SHOCK_L1_-0.05_C15,2794232.8715552757,0.4622234717676226,-0.7735477443841641,0.026026743075453676
SHOCK_L3_-0.07_C1,2744419.3118999125,0.46064448107916056,-0.765665895447525,0.008595988538681949
SHOCK_L5_-0.1_C7,2718295.6356902495,0.45980561223992567,-0.8404833878203344,0.01862464183381089
SHOCK_L2_-0.1_C1,2654459.763217735,0.4577234311302174,-0.8165984871367223,0.0009551098376313276
SHOCK_L1_-0.04_C1,2650403.0601796457,0.4575895252811859,-0.807920394972441,0.013849092645654251
SHOCK_L3_-0.1_C1,2576397.694234764,0.45511228899967837,-0.775043352380149,0.004059216809933142
SHOCK_L1_-0.07_C2,2564548.467457427,0.4547094520233901,-0.8165984871367225,0.0011938872970391596
SHOCK_L1_-0.04_C5,2533263.1353307185,0.4536373803059195,-0.7770448130583563,0.03414517669531996
SHOCK_L1_-0.07_C10,2528667.882029396,0.453478865084594,-0.8165984871367225,0.0031041069723018147
SHOCK_L1_-0.07_C5,2494342.327805423,0.4522861521049615,-0.8165984871367222,0.0019102196752626551
SHOCK_L2_-0.07_C2,2470714.2957962328,0.45145614864280903,-0.8035518143862765,0.0038204393505253103
SHOCK_L1_-0.07_C7,2416171.6445108494,0.4495113255981731,-0.8165984871367222,0.002387774594078319
SHOCK_L5_-0.1_C5,2409403.6037177597,0.44926712630380194,-0.8410192104481248,0.015281757402101241
SHOCK_L3_-0.1_C5,2390449.0541903675,0.44857977546129235,-0.8191957735659234,0.011461318051575931
SHOCK_L1_-0.1_C3,2313095.626465124,0.4457205255446497,-0.816598487136722,0.0009551098376313276
SHOCK_L2_-0.07_C5,2304220.6028418713,0.4453867458919558,-0.8261583012385237,0.0066857688634192934
SHOCK_L2_-0.1_C2,2292864.790035195,0.44495789986940437,-0.8165984871367225,0.0014326647564469914
SHOCK_L2_-0.1_C3,2283566.0383334337,0.44460524835325366,-0.8165984871367225,0.0019102196752626551
SHOCK_L2_-0.07_C3,2282969.473846916,0.44458257782933597,-0.8179843784025453,0.004775549188156638
SHOCK_L3_-0.1_C3,2269133.7552127745,0.44405522744851034,-0.8086877156269594,0.007879656160458453
SHOCK_L2_-0.1_C5,2257126.5894924705,0.4435951172967989,-0.8165984871367221,0.0028653295128939827
SHOCK_L1_-0.04_C10,2204204.0498022395,0.44153933158760417,-0.7102631070977644,0.05515759312320917
SHOCK_L1_-0.04_C20,2162558.6010819413,0.4398887230769135,-0.5604536294554157,0.08787010506208214
SHOCK_L1_-0.1_C1,2139241.2831920064,0.43895145159327087,-0.8165984871367225,0.0004775549188156638
TQQQ_BH,2110449.987554086,0.43778080686543586,-0.8165984871367221,0.0
SHOCK_L1_-0.07_C15,2092425.9645368725,0.4370402918674827,-0.8165984871367222,0.004297994269340974
SHOCK_L3_-0.1_C2,1999643.8343592726,0.4331308164497685,-0.7846638449537059,0.0059694364851957974
SHOCK_L2_-0.1_C7,1988871.5910764916,0.4326659196740783,-0.8165984871367222,0.0038204393505253103
SHOCK_L2_-0.05_C1,1965933.7812596823,0.43166805749948445,-0.7722538600225606,0.016714422158548233
SHOCK_L1_-0.03_C1,1963033.1859248485,0.4315410945099376,-0.7597005039754166,0.039159503342884434
SHOCK_L1_-0.1_C2,1933229.8991218414,0.43022625158658157,-0.8165984871367225,0.0007163323782234957
SHOCK_L1_-0.1_C10,1906182.0887849778,0.4290163757984795,-0.8165984871367225,0.0026265520534861507
SHOCK_L1_-0.1_C5,1880306.5053940718,0.4278437365393437,-0.8165984871367225,0.0014326647564469914
SHOCK_L2_-0.07_C10,1872556.9441236916,0.4274895867369968,-0.8198000215882462,0.011461318051575931
SHOCK_L3_-0.07_C10,1846271.8918431674,0.42627803019149035,-0.772652466847693,0.031041069723018146
SHOCK_L2_-0.07_C7,1838458.634750925,0.4259147672200527,-0.8470683653445068,0.008595988538681949
SHOCK_L5_-0.1_C3,1830482.3120024924,0.42554242288076494,-0.8405641545749796,0.011461318051575931
SHOCK_L1_-0.1_C7,1821379.211136427,0.4251156112026402,-0.8165984871367227,0.0019102196752626551
SHOCK_L5_-0.07_C7,1819535.4809908562,0.4250289212041731,-0.8005835982477133,0.06017191977077364
SHOCK_L2_-0.1_C10,1805274.421698368,0.42435558020126485,-0.8165984871367222,0.0052531041069723014
SHOCK_L1_-0.04_C15,1804255.045888331,0.42430725874493636,-0.6084076263766168,0.07211079274116523
SHOCK_L2_-0.04_C1,1798966.28678502,0.4240561430977634,-0.6608720288187961,0.03677172874880611
SHOCK_L1_-0.04_C3,1775777.938534892,0.4229468812908346,-0.7607453156797541,0.024594078319006684
SHOCK_L10_-0.1_C3,1747722.1833108969,0.421586429791857,-0.8268038378929597,0.02148997134670487
SHOCK_L1_-0.07_C20,1727783.9913451904,0.4206070721437305,-0.8165984871367223,0.0054918815663801334
SHOCK_L10_-0.02_C5,1720630.91716386,0.42025312458706954,-0.5287395508769757,0.3271251193887297
SHOCK_L3_-0.07_C5,1679841.7053604056,0.4182079755876511,-0.8272976850981892,0.019340974212034383
SHOCK_L2_-0.1_C15,1655211.050788559,0.4169502854919671,-0.8165984871367225,0.007640878701050621
SHOCK_L3_-0.07_C7,1645400.794205664,0.4164444497762254,-0.8196822329565691,0.024355300859598854
SHOCK_L2_-0.04_C10,1644704.9133748494,0.41640846123237774,-0.5532293710045244,0.14541547277936961
SHOCK_L1_-0.04_C2,1640032.8273353716,0.4161664658655506,-0.803804702988364,0.019340974212034383
SHOCK_L3_-0.07_C3,1632298.8978973795,0.4157644515074781,-0.8078001608583654,0.014087870105062083
SHOCK_L1_-0.1_C15,1577330.4687635754,0.41285446874477993,-0.8165984871367223,0.0038204393505253103
SHOCK_L1_-0.04_C7,1532687.8663602483,0.4104201097903617,-0.7833452131960619,0.04297994269340974
SHOCK_L5_-0.1_C10,1509036.9824937377,0.4091032877261058,-0.8390022363517383,0.02363896848137536
SHOCK_L3_-0.07_C2,1507486.3048936508,0.40901627365169047,-0.8004840615314952,0.011461318051575931
SHOCK_L10_-0.1_C5,1477789.585194995,0.4073334442782621,-0.8471910771466384,0.028175740210124166
SHOCK_L5_-0.1_C1,1450628.3224472955,0.40576622540536045,-0.8269009283304121,0.0071633237822349575
SHOCK_L10_-0.1_C7,1443748.2160676848,0.40536486247546066,-0.8516388123224411,0.034861509073543455
SHOCK_L2_-0.07_C15,1395369.1416207908,0.402490734582186,-0.8393622933573702,0.01623686723973257
SHOCK_L1_-0.1_C20,1302452.9322326183,0.39669782508352536,-0.8165984871367225,0.00501432664756447
SHOCK_L10_-0.1_C1,1292091.2701618725,0.396027918631652,-0.8663828257460477,0.013610315186246419
SHOCK_L10_-0.02_C1,1289081.2010255994,0.3958323638030783,-0.5558554133271566,0.2223018147086915
SHOCK_L10_-0.02_C3,1268886.019138237,0.3945091367698701,-0.5675785007136664,0.2791308500477555
SHOCK_L10_-0.07_C2,1237845.1306040064,0.3924361707978752,-0.8455543918570836,0.053247373447946514
SHOCK_L2_-0.04_C15,1197985.736760007,0.3897014309661271,-0.5977859226244024,0.18553008595988538
SHOCK_L2_-0.1_C20,1184548.0074382287,0.388760167858748,-0.8165984871367223,0.01002865329512894
SHOCK_L1_-0.03_C2,1178185.9209532966,0.3883110213474339,-0.7643471350106563,0.05515759312320917
SHOCK_L2_-0.03_C1,1144299.702172137,0.3858796442971768,-0.6709044072437538,0.07760267430754537
SHOCK_L5_-0.07_C5,1139521.064448874,0.3855313399650555,-0.8755616672421798,0.04775549188156638
SHOCK_L2_-0.07_C20,1138872.5023254992,0.3854839619356569,-0.834959578654707,0.021012416427889206
SHOCK_L5_-0.07_C10,1116429.6869968278,0.3838286719531301,-0.8131880025930281,0.07712511938872971
SHOCK_L10_-0.03_C3,1106673.4008408578,0.38309931389876417,-0.563759206195273,0.21370582617000955
SHOCK_L5_-0.05_C15,1104743.2107246036,0.38295430139707065,-0.5794924638228136,0.20128939828080228
SHOCK_L10_-0.1_C2,1098710.0918938585,0.3824995011008736,-0.8612425052603443,0.01766953199617956
SHOCK_L5_-0.05_C7,1088545.2396329108,0.3817278984855377,-0.7163196368871372,0.1279847182425979
SHOCK_L5_-0.1_C20,1087977.945945714,0.3816846365837385,-0.8225238244212948,0.04035339063992359
SHOCK_L3_-0.1_C15,1080951.6065918175,0.3811470420588874,-0.8353363078580516,0.028175740210124166
SHOCK_L10_-0.1_C10,1065560.441444757,0.3799578726895809,-0.8280587732425981,0.044890162368672396
SHOCK_L10_-0.07_C1,1056164.7581040754,0.3792239714682186,-0.8820818945400348,0.04345749761222541
SHOCK_L3_-0.05_C10,1054699.1101586113,0.3791089360942035,-0.7466237205864097,0.11914995224450811
SHOCK_L3_-0.1_C20,1043893.7284727237,0.37825617918288024,-0.8316144926277393,0.036532951289398284
SHOCK_L5_-0.1_C2,1040637.1373689664,0.3779975427698494,-0.8460472400578071,0.009312320916905445
SHOCK_L5_-0.07_C20,1023753.464366941,0.3766443331578757,-0.7422166202327412,0.12917860553963706
SHOCK_L2_-0.04_C20,1014245.4650067787,0.37587301488893865,-0.534518046221264,0.2194364851957975
SHOCK_L2_-0.05_C2,1011155.6735736256,0.37562089783238295,-0.789006373113525,0.024116523400191024
SHOCK_L1_-0.03_C7,993216.2315785838,0.37414263129142133,-0.7886463096852119,0.11986628462273162
SHOCK_L5_-0.07_C1,963091.475447078,0.37160285140436167,-0.869651536516999,0.021728748806112703
SHOCK_L3_-0.05_C20,961156.2647095836,0.37143715434976987,-0.6234828637423662,0.18314231136580708
SHOCK_L3_-0.04_C15,951494.2586718266,0.3706051516526858,-0.5270909789770276,0.24044890162368673
SHOCK_L1_-0.03_C5,936920.8023850375,0.3693350747805664,-0.808700516776935,0.09622731614135625
SHOCK_L1_-0.03_C20,916777.3620828423,0.36754865619413235,-0.5557131286160225,0.2328080229226361
SHOCK_L10_-0.03_C1,897188.7188867124,0.36577569835803914,-0.6870264348153916,0.166189111747851
SHOCK_L1_-0.03_C15,891401.615761609,0.36524494584856537,-0.6193436654745939,0.19723018147086915
SHOCK_L5_-0.1_C15,879913.3705770774,0.36418165859426743,-0.8699502330052582,0.03199617956064948
SHOCK_L3_-0.05_C1,870392.5352793703,0.3632905289030839,-0.8466095087171259,0.03151862464183381
SHOCK_L1_-0.03_C10,858985.0828087827,0.36221067075664903,-0.7491677402824485,0.15305635148042024
SHOCK_L10_-0.02_C2,853859.6546426816,0.36172108937941205,-0.5862110187860389,0.252865329512894
SHOCK_L5_-0.07_C3,848910.005222701,0.3612456695239883,-0.885251295083999,0.034861509073543455
SHOCK_L10_-0.1_C15,848345.8575495711,0.36119131714507224,-0.7316259327747694,0.06160458452722063
SHOCK_L5_-0.02_C7,813686.7981023915,0.35778519172976053,-0.5829266794729473,0.4278892072588348
SHOCK_L10_-0.07_C3,805782.8052139786,0.3569893509940645,-0.835397349379877,0.0627984718242598
SHOCK_L3_-0.05_C15,790454.95511211,0.35542487753335594,-0.6273271182936371,0.15425023877745941
SHOCK_L10_-0.07_C7,780796.8329918326,0.3544243876243165,-0.7321373267416016,0.09527220630372493
SHOCK_L1_-0.03_C3,769399.576289032,0.3532286672291165,-0.7893936851320017,0.06972301814708691
SHOCK_L3_-0.04_C10,758266.5548645891,0.3520444848375115,-0.6202855459607051,0.18982808022922637
SHOCK_L10_-0.05_C2,753470.6780256012,0.3515293195230005,-0.8097416341103396,0.09861509073543458
SHOCK_L10_-0.07_C5,737261.0409337634,0.3497649969888037,-0.7694480082996543,0.07927411652340019
SHOCK_L5_-0.07_C15,723539.9372362986,0.34824280600744406,-0.7671570235095792,0.10339063992359121
SHOCK_L10_-0.02_C7,702107.642937082,0.34580998359628046,-0.5143003608830727,0.36843361986628465
SHOCK_L3_-0.04_C20,696496.131938716,0.34516148094185795,-0.526082362366611,0.2817574021012416
SHOCK_L3_-0.07_C15,684948.1100100878,0.3438113187278442,-0.8366076143438063,0.041786055396370585
SHOCK_L10_-0.1_C20,682389.1174747848,0.34350923413129575,-0.8090875797398502,0.07736389684813753
SHOCK_L5_-0.02_C1,679224.259940258,0.3431341519959079,-0.7096590275062233,0.20988538681948424
SHOCK_L5_-0.07_C2,676793.9816135844,0.34284501157703007,-0.8941545585992567,0.028414517669531996
SHOCK_L5_-0.05_C10,674589.4396323705,0.3425818825705762,-0.6261363551695449,0.15830945558739254
SHOCK_L5_-0.04_C7,643928.7204270534,0.3388360016987175,-0.6853529449762702,0.1984240687679083
SHOCK_L2_-0.04_C2,639909.0388737265,0.3383325314048067,-0.7972660334540189,0.051814708691499525
SHOCK_L2_-0.02_C2,638410.5764592105,0.33814408612048075,-0.6356313335066223,0.21657115568290353
SHOCK_L5_-0.02_C5,630876.4798591799,0.33719025892427545,-0.5366005910563111,0.36771728748806115
SHOCK_L10_-0.05_C1,626466.7813524988,0.3366270056077545,-0.8402940720957706,0.08333333333333333
SHOCK_L10_-0.07_C20,613474.6925839944,0.3349455870744391,-0.4889692263387816,0.1876790830945559
SHOCK_L5_-0.05_C20,605008.4235736099,0.3338317874166763,-0.6064421802204658,0.23901623686723975
SHOCK_L2_-0.04_C3,597146.1701866498,0.3327842522921358,-0.6814333714148091,0.06566380133715377
SHOCK_L3_-0.04_C1,589279.187166011,0.3317230302363656,-0.8421646303560292,0.053724928366762174
SHOCK_L3_-0.04_C7,584657.7562300707,0.3310933930337694,-0.7583613188225798,0.15281757402101243
SHOCK_L3_-0.07_C20,584225.6354588757,0.331034280704106,-0.839786773461541,0.05253104106972302
SHOCK_L3_-0.05_C5,581120.6771474524,0.33060832273098617,-0.8852877708556633,0.07545367717287488
SHOCK_L5_-0.04_C5,571288.796625719,0.32924526821798006,-0.7236543986171933,0.16475644699140402
SHOCK_L10_-0.03_C5,545782.8300289236,0.32560367845709104,-0.6056063337625069,0.2523877745940783
SHOCK_L2_-0.05_C20,545610.190398455,0.3255784892718394,-0.7493502981052952,0.1339541547277937
SHOCK_L2_-0.05_C3,538457.9325140637,0.32452829060139154,-0.7939444393573485,0.031041069723018146
SHOCK_L10_-0.03_C2,537040.4223422391,0.32431859527055185,-0.6624788507612294,0.19149952244508117
SHOCK_L3_-0.04_C5,532919.6209741078,0.3237060284053064,-0.8379733431795549,0.12416427889207259
SHOCK_L3_-0.05_C2,528640.9659878253,0.32306526682670955,-0.8033824515591248,0.04274116523400191
SHOCK_L5_-0.03_C7,519348.2214500611,0.32165664707676966,-0.7412637516938954,0.2994269340974212
SHOCK_L1_-0.02_C1,503446.08472001686,0.3191902641771476,-0.7798345022623752,0.10219675262655205
SHOCK_L5_-0.05_C2,498047.2216090698,0.31833623932176214,-0.8562402892147871,0.06375358166189111
SHOCK_L2_-0.04_C5,481606.19651881687,0.3156808336903012,-0.7656474869029022,0.09121298949379178
SHOCK_L3_-0.05_C7,481434.2363340478,0.31565261255416965,-0.8572704990713704,0.0943170964660936
SHOCK_L2_-0.03_C10,477332.0180856396,0.31497655524052504,-0.5049276819452158,0.2805635148042025
SHOCK_L10_-0.03_C7,462009.94973441295,0.3124021912311341,-0.5121165441351245,0.28796561604584525
SHOCK_L10_-0.07_C15,453118.21052414324,0.3108711841906544,-0.5491117386267304,0.15592168099331424
SHOCK_L3_-0.05_C3,450751.87770424515,0.3104589844176251,-0.8329517412823622,0.05396370582617001
SHOCK_L5_-0.05_C1,428073.7414379687,0.3064020628235642,-0.8553763395915484,0.049665711556829036
SHOCK_L5_-0.02_C2,422161.1868025253,0.3053111654146685,-0.6479219614500474,0.25334288443170966
SHOCK_L2_-0.02_C3,421181.1527219437,0.3051289578404943,-0.6030534080616675,0.2636103151862464
SHOCK_L5_-0.02_C3,407611.7229728233,0.3025643203504318,-0.6193573130598575,0.29369627507163326
SHOCK_L10_-0.04_C1,406397.116176206,0.3023308604044104,-0.8097116524268446,0.11867239732569246
SHOCK_L10_-0.03_C10,397970.46930979437,0.30069287731264094,-0.4891560398125784,0.33930276981852914
SHOCK_L10_-0.04_C2,393936.70047668414,0.29989721717813245,-0.7457769372957097,0.13944603629417382
SHOCK_L10_-0.04_C5,391813.7345366026,0.2994753815987745,-0.6660512913927872,0.1924546322827125
SHOCK_L2_-0.03_C2,385302.1962471364,0.2981679991098687,-0.8001614858376839,0.10888252148997135
SHOCK_L5_-0.05_C5,385288.57717178186,0.2981652429812973,-0.8365840106221614,0.10434574976122254
SHOCK_L2_-0.03_C7,384239.9660073837,0.29795275730403503,-0.5974496771195805,0.2289875835721108
SHOCK_L5_-0.05_C3,378189.83629981295,0.29671603824206305,-0.8502091305073001,0.07736389684813753
SHOCK_L2_-0.04_C7,375899.14955050714,0.29624293567601145,-0.7950861958301356,0.11437440305635148
SHOCK_L2_-0.02_C1,373488.2690405032,0.29574207320925683,-0.758986631608595,0.15974212034383956
SHOCK_L2_-0.03_C3,371364.72058306664,0.29529838059684876,-0.7204352219163388,0.13681948424068768
SHOCK_L5_-0.04_C1,359435.29927200143,0.29276063161350585,-0.8205543914833456,0.08261700095510983
SHOCK_L10_-0.05_C3,353621.8340181498,0.2914951056762276,-0.7868917457489797,0.11246418338108882
SHOCK_L5_-0.04_C2,349954.0284462038,0.2906865660495539,-0.8627545327334918,0.1048233046800382
SHOCK_L2_-0.05_C10,344112.3543510407,0.2893822193655422,-0.8491967450903868,0.07760267430754537
SHOCK_L2_-0.05_C5,325105.70574615273,0.284989426262483,-0.8584354791924697,0.044890162368672396
SHOCK_L10_-0.07_C10,322978.3194812206,0.2844828139506397,-0.7609845427065876,0.11891117478510028
SHOCK_L5_-0.03_C2,318907.53525621945,0.28350459923653326,-0.7682488464306463,0.16475644699140402
SHOCK_L5_-0.04_C10,307723.2744231338,0.28075532055516383,-0.6696983156413012,0.24379178605539636
SHOCK_L5_-0.03_C5,303602.025326378,0.27971851189969543,-0.7009056412073461,0.2504775549188157
SHOCK_L10_-0.04_C3,294159.9476492486,0.2772923316151523,-0.6904053737046909,0.15783190066857689
SHOCK_L2_-0.03_C5,293607.69488072896,0.27714817208165465,-0.7444194381406595,0.18672397325692455
SHOCK_L10_-0.02_C10,290126.5054885251,0.2762335354173331,-0.4854623709777629,0.4269340974212034
SHOCK_L3_-0.04_C3,289282.27754242445,0.2760101718591961,-0.8535239343989093,0.09049665711556829
SHOCK_L3_-0.04_C2,277825.4786500768,0.2729168208723478,-0.8249417808267866,0.07234957020057306
SHOCK_L10_-0.04_C7,271876.1044286389,0.271262863934709,-0.590620174811199,0.224450811843362
SHOCK_L2_-0.05_C7,253149.05240203047,0.2658250585673043,-0.8849519699922298,0.05873925501432665
SHOCK_L10_-0.05_C5,251699.63102250718,0.26538856419944756,-0.7370221107107506,0.13872970391595033
SHOCK_L2_-0.05_C15,251341.49538429134,0.265280347403394,-0.7896267443494343,0.10768863419293219
SHOCK_L5_-0.04_C3,236663.37885479114,0.26071551779118796,-0.8422179183216484,0.12535816618911175
SHOCK_L2_-0.03_C15,231032.0836493452,0.25889324084260945,-0.6226432719924377,0.34813753581661894
SHOCK_L5_-0.03_C1,224198.0477690531,0.2566248314941584,-0.8254175735587764,0.13204393505253104
SHOCK_L5_-0.04_C15,219380.0388684419,0.25498619683939894,-0.6198109825185375,0.30730659025787965
SHOCK_L1_-0.02_C3,211347.6371751002,0.2521775913596844,-0.7500133108609289,0.18170964660936006
SHOCK_L3_-0.03_C1,190894.65438888263,0.2445457748414399,-0.8689375761850542,0.10267430754536772
SHOCK_L10_-0.02_C15,175539.65541478214,0.2382930275194568,-0.4665115123568163,0.5128939828080229
SHOCK_L2_-0.02_C5,171979.68910104435,0.23677008490150508,-0.5113674293197142,0.3412129894937918
SHOCK_L3_-0.02_C1,170750.3721734813,0.23623729724707054,-0.8055634589242562,0.18051575931232092
SHOCK_L5_-0.03_C3,165517.74466022904,0.23392836940011263,-0.7330278021147273,0.1938872970391595
SHOCK_L10_-0.05_C7,165276.22769776385,0.23382014971930154,-0.7522218003369623,0.16380133715377268
SHOCK_L2_-0.03_C20,161931.11963435702,0.2323057774392383,-0.5282161403376724,0.4049665711556829
SHOCK_L1_-0.02_C5,159721.8250073089,0.2312893942452705,-0.580641326985005,0.24355300859598855
SHOCK_L5_-0.02_C10,149784.93835811137,0.22654809546023125,-0.49153107266667895,0.5021489971346705
SHOCK_L1_-0.02_C2,146462.04247470776,0.22489644461862257,-0.7686578788973418,0.14398280802292263
SHOCK_L5_-0.03_C10,136638.05562959655,0.21979889450152945,-0.7343818758334479,0.36127029608404965
SHOCK_L10_-0.03_C15,134848.08966857998,0.21883314416555377,-0.4284667484495924,0.413323782234957
SHOCK_L1_-0.02_C15,127867.60827466607,0.2149480819956784,-0.47684357703307845,0.44412607449856734
SHOCK_L1_-0.02_C7,126802.75054179944,0.2143379699654493,-0.5911736423064242,0.2941738299904489
SHOCK_L10_-0.04_C10,126043.2800713812,0.21389988081337696,-0.6024512725981033,0.2686246418338109
SHOCK_L5_-0.03_C15,123834.73133472832,0.21261166745429994,-0.6112113605977807,0.4462750716332378
SHOCK_L1_-0.02_C10,119002.8767172008,0.20971630329463253,-0.5247084059823396,0.35864374403056354
SHOCK_L2_-0.02_C7,101694.8354622422,0.19834989519191937,-0.5387955821674294,0.4068767908309456
SHOCK_L10_-0.03_C20,99940.94416517345,0.1970983457792752,-0.4896128909650055,0.4782712511938873
SHOCK_L10_-0.05_C10,97493.3082975967,0.19531679484752384,-0.7206114415828304,0.20009551098376313
SHOCK_L1_-0.02_C20,94666.4578008353,0.1932061447811786,-0.5657685094706254,0.5100286532951289
SHOCK_L5_-0.04_C20,93247.72633798025,0.19212443027036885,-0.6915678179216342,0.3648519579751671
SHOCK_L10_-0.05_C15,91959.01665586162,0.19112835854573706,-0.6573894399490177,0.25525310410697233
SHOCK_L5_-0.02_C15,89785.18743445959,0.18941803859716666,-0.44789725882218323,0.6005253104106972
SHOCK_L3_-0.03_C20,86003.64197855136,0.1863478597194388,-0.5816107108901102,0.477316141356256
SHOCK_L10_-0.04_C15,83122.53658411193,0.18392234869390145,-0.5909050029093266,0.335243553008596
SHOCK_L10_-0.02_C20,80446.93409534666,0.18159800763801837,-0.4446211973697174,0.583810888252149
SHOCK_L3_-0.03_C15,80348.64934389196,0.18151124932386176,-0.5962096426336155,0.4145176695319962
SHOCK_L3_-0.03_C5,74335.2071004322,0.17600360417719974,-0.8559943220443336,0.2239732569245463
SHOCK_L3_-0.03_C7,73766.87955061985,0.17546161147903638,-0.7060897331739654,0.2717287488061127
SHOCK_L3_-0.03_C3,70751.78821022122,0.17251889089682382,-0.8549641915973167,0.16714422158548234
SHOCK_L3_-0.03_C10,68086.86282139728,0.16981809094898614,-0.6248774373830193,0.3330945558739255
SHOCK_L3_-0.03_C2,66133.68334206034,0.16777476433674732,-0.864905662044522,0.1353868194842407
SHOCK_L3_-0.02_C20,55742.97324926163,0.1558470532348919,-0.5001720428539798,0.7008118433619867
SHOCK_L5_-0.02_C20,55375.07696227644,0.15538743039331981,-0.30625528213635955,0.6812320916905444
SHOCK_L3_-0.02_C5,53814.02144908247,0.15340467744912334,-0.6942535644223308,0.36723973256924547
SHOCK_L10_-0.05_C20,52601.95833943347,0.15182754923110853,-0.647525814557578,0.3037249283667622
SHOCK_L3_-0.02_C2,51398.092422082496,0.15022690537961747,-0.8633929575126565,0.2328080229226361
SHOCK_L5_-0.03_C20,50608.17380860726,0.1491573804142181,-0.5174488937593374,0.5181470869149952
SHOCK_L3_-0.02_C3,46477.65187262362,0.14329564695288455,-0.7877175648078969,0.2822349570200573
SHOCK_L10_-0.04_C20,36734.17154954617,0.12725341940124557,-0.6090935286258417,0.394937917860554
SHOCK_L3_-0.02_C7,35264.89832591342,0.12449302927881134,-0.5387933134513567,0.4372015281757402
SHOCK_L2_-0.02_C10,33137.13753312477,0.12029752225562351,-0.5234821095174089,0.4899713467048711
SHOCK_L2_-0.02_C20,32230.510377338847,0.11843238611598172,-0.6848074024679123,0.6721585482330468
SHOCK_L3_-0.02_C15,30797.04426252725,0.11538032250615293,-0.5214677395777919,0.6270296084049666
SHOCK_L3_-0.02_C10,22815.272171182456,0.09546276352298144,-0.5113523005521392,0.5224450811843362
SHOCK_L2_-0.02_C15,21888.11195386374,0.09273643290125744,-0.6360067602343897,0.5945558739255015
