strategy,final_balance,cagr,maxdd,exposure,entries
BUY&HOLD,2110449.987554043,0.4377808068654341,-0.8165984931684764,1.0,0
PERSIST_L20_F0.55_H5,1065379.587440349,0.37994380360844615,-0.42054887183577894,0.6155682903533907,107
PERSIST_L20_F0.6_H20,972336.1872895295,0.3723901109588259,-0.713050977847488,0.6141356255969437,73
PERSIST_L20_F0.55_H15,860347.5292824681,0.3623403498021014,-0.5014755624737546,0.7337631327602674,66
PERSIST_L20_F0.6_H10,822984.0131830456,0.35871206570349123,-0.5086008049833304,0.5544412607449857,87
PERSIST_L15_F0.55_H15,801790.9671206698,0.3565846262262664,-0.5836532606726095,0.6666666666666666,93
PERSIST_L15_F0.6_H15,801790.9671206698,0.3565846262262664,-0.5836532606726095,0.6666666666666666,93
PERSIST_L20_F0.55_H20,670823.8511990195,0.34213055562426486,-0.6844824135025294,0.7480897803247374,68
PERSIST_L5_F0.65_H20,605923.2074749271,0.33395283746252336,-0.7059442436349797,0.7313753581661891,109
PERSIST_L5_F0.7_H20,605923.2074749271,0.33395283746252336,-0.7059442436349797,0.7313753581661891,109
PERSIST_L5_F0.75_H20,605923.2074749271,0.33395283746252336,-0.7059442436349797,0.7313753581661891,109
PERSIST_L15_F0.6_H10,605011.833833752,0.33383223900345826,-0.6042720428714781,0.6289398280802292,103
PERSIST_L15_F0.55_H10,605011.833833752,0.33383223900345826,-0.6042720428714781,0.6289398280802292,103
PERSIST_L20_F0.6_H5,549022.207487183,0.32607494015049876,-0.4221200320475502,0.49283667621776506,105
PERSIST_L20_F0.6_H15,457533.9369160989,0.3116349931922002,-0.5182980816639586,0.5974212034383954,71
PERSIST_L10_F0.55_H15,456902.5125119866,0.3115261984010411,-0.7242920311543066,0.7466571155682904,112
PERSIST_L10_F0.6_H15,456902.5125119866,0.3115261984010411,-0.7242920311543066,0.7466571155682904,112
PERSIST_L20_F0.55_H10,452884.4792626545,0.31083055989635233,-0.5014755624737546,0.6716809933142311,88
PERSIST_L10_F0.55_H20,437328.4297091541,0.3080814910447043,-0.6321919733636854,0.7999044890162369,82
PERSIST_L10_F0.6_H20,437328.4297091541,0.3080814910447043,-0.6321919733636854,0.7999044890162369,82
PERSIST_L10_F0.65_H20,428207.2266893401,0.30642652770619416,-0.661763263526858,0.6356255969436485,94
PERSIST_L10_F0.7_H20,428207.2266893401,0.30642652770619416,-0.661763263526858,0.6356255969436485,94
PERSIST_L10_F0.7_H15,376335.0153881707,0.2963331647623426,-0.6955030708444041,0.5599331423113658,114
PERSIST_L10_F0.65_H15,376335.0153881707,0.2963331647623426,-0.6955030708444041,0.5599331423113658,114
PERSIST_L15_F0.55_H5,347250.68684035883,0.29008552012692457,-0.476498028001462,0.5429799426934098,137
PERSIST_L15_F0.6_H5,347250.68684035883,0.29008552012692457,-0.476498028001462,0.5429799426934098,137
PERSIST_L5_F0.55_H20,345725.27480479656,0.28974442462024763,-0.8648046593744577,0.9080706781279847,85
PERSIST_L5_F0.6_H20,345725.27480479656,0.28974442462024763,-0.8648046593744577,0.9080706781279847,85
PERSIST_L15_F0.55_H20,231758.6305947558,0.25913068116500115,-0.737501735035796,0.7156160458452722,77
PERSIST_L15_F0.6_H20,231758.6305947558,0.25913068116500115,-0.737501735035796,0.7156160458452722,77
PERSIST_L30_F0.55_H10,222201.5778752034,0.2559498746062403,-0.5830366958037291,0.6074498567335244,86
PERSIST_L30_F0.6_H10,206758.9212846117,0.2505277336022511,-0.5861540611768858,0.5021489971346705,78
PERSIST_L30_F0.55_H15,204018.6958364066,0.24952600400007863,-0.6020308747222944,0.6563992359121299,76
PERSIST_L30_F0.6_H20,193064.80597638793,0.24539107871795918,-0.4859106520866192,0.5928844317096467,58
PERSIST_L10_F0.6_H10,187087.6672329412,0.2430408389887755,-0.5967585760155625,0.666189111747851,143
PERSIST_L10_F0.55_H10,187087.6672329412,0.2430408389887755,-0.5967585760155625,0.666189111747851,143
PERSIST_L5_F0.7_H15,185339.56267430048,0.24234013055235293,-0.7001236994413238,0.6723973256924546,138
PERSIST_L5_F0.75_H15,185339.56267430048,0.24234013055235293,-0.7001236994413238,0.6723973256924546,138
PERSIST_L5_F0.65_H15,185339.56267430048,0.24234013055235293,-0.7001236994413238,0.6723973256924546,138
PERSIST_L10_F0.7_H10,161627.9262074719,0.23216706812621024,-0.5667818713390576,0.4691977077363897,139
PERSIST_L10_F0.65_H10,161627.9262074719,0.23216706812621024,-0.5667818713390576,0.4691977077363897,139
PERSIST_L15_F0.65_H20,147497.56532922073,0.22541489871568565,-0.5959390084580856,0.5642311365807068,86
PERSIST_L30_F0.55_H5,142346.88790615686,0.22280147436156317,-0.616250623827007,0.5561127029608405,107
PERSIST_L10_F0.55_H5,124125.39125201646,0.21278243331033364,-0.5738507814656524,0.5790353390639924,172
PERSIST_L10_F0.6_H5,124125.39125201646,0.21278243331033364,-0.5738507814656524,0.5790353390639924,172
PERSIST_L10_F0.75_H20,116661.77552788782,0.20827349158357644,-0.5305312436374483,0.4154727793696275,72
PERSIST_L20_F0.65_H20,110522.14713250025,0.2043562912912089,-0.5290616973616848,0.4894937917860554,71
PERSIST_L5_F0.75_H10,107604.9669486236,0.2024228505648915,-0.7200610661383688,0.585243553008596,178
PERSIST_L5_F0.7_H10,107604.9669486236,0.2024228505648915,-0.7200610661383688,0.585243553008596,178
PERSIST_L5_F0.65_H10,107604.9669486236,0.2024228505648915,-0.7200610661383688,0.585243553008596,178
PERSIST_L30_F0.6_H5,97210.62426413877,0.1951083374903264,-0.5126434001814868,0.4543935052531041,96
PERSIST_L30_F0.55_H20,91411.56207332804,0.19070124274797107,-0.6992207899685805,0.7029608404966571,57
PERSIST_L5_F0.6_H15,89447.69829363852,0.189149025614477,-0.91558293440904,0.8624641833810889,124
PERSIST_L5_F0.55_H15,89447.69829363852,0.189149025614477,-0.91558293440904,0.8624641833810889,124
PERSIST_L15_F0.65_H15,87318.8439272734,0.187429794540928,-0.6208707426306928,0.498567335243553,99
PERSIST_L15_F0.7_H20,81632.06079280221,0.18263637614873263,-0.48068556917380667,0.39183381088825214,68
PERSIST_L10_F0.75_H15,81399.13624797743,0.18243341915775435,-0.4766601923043129,0.336676217765043,87
PERSIST_L20_F0.7_H20,81393.77123166215,0.18242873796396353,-0.3930253665875757,0.3342884431709647,57
PERSIST_L15_F0.65_H10,71295.58322900765,0.17305823890240934,-0.6220561961340909,0.4543935052531041,100
PERSIST_L10_F0.65_H5,70242.00450803661,0.1720097258311366,-0.5082329768543729,0.39040114613180515,164
PERSIST_L10_F0.7_H5,70242.00450803661,0.1720097258311366,-0.5082329768543729,0.39040114613180515,164
PERSIST_L20_F0.65_H10,55020.69963192834,0.15494197513843888,-0.5702753047478368,0.4154727793696275,82
PERSIST_L5_F0.55_H10,54448.907166969075,0.15421750922692046,-0.8802427862874558,0.8197230181470869,170
PERSIST_L5_F0.6_H10,54448.907166969075,0.15421750922692046,-0.8802427862874558,0.8197230181470869,170
PERSIST_L20_F0.65_H15,45256.46439750197,0.14146866754630216,-0.6208707426306925,0.4608404966571156,74
PERSIST_L30_F0.65_H15,40613.8956884412,0.13407198411747845,-0.36991768077717924,0.28653295128939826,45
PERSIST_L10_F0.75_H10,37939.53506625295,0.12944156393598227,-0.42804755168997666,0.24594078319006685,91
PERSIST_L30_F0.6_H15,35922.60349765297,0.12574180049860417,-0.676816335734384,0.5594555873925502,73
PERSIST_L20_F0.65_H5,31001.684499203177,0.11582410243211672,-0.5270162995651189,0.3510028653295129,111
PERSIST_L30_F0.65_H20,30771.26970558255,0.11532423175598816,-0.4846166709619346,0.3247373447946514,44
PERSIST_L15_F0.65_H5,28510.0948113156,0.11022296559731082,-0.5087267034259852,0.37082139446036294,131
PERSIST_L30_F0.65_H5,28444.996490305675,0.11007053820037815,-0.3577842661553875,0.21131805157593123,60
PERSIST_L5_F0.6_H5,24241.4315332445,0.09945957329431665,-0.856623514671442,0.6788443170964661,277
PERSIST_L5_F0.55_H5,24241.4315332445,0.09945957329431665,-0.856623514671442,0.6788443170964661,277
PERSIST_L10_F0.75_H5,23700.422109038478,0.09797007990458773,-0.30315703327008703,0.18147086914995225,99
PERSIST_L15_F0.7_H10,19989.501777630234,0.08679721274348484,-0.4238916476545137,0.2724450811843362,82
PERSIST_L5_F0.75_H5,19597.286444835303,0.08550443516137607,-0.6906937288822296,0.41260744985673353,252
PERSIST_L5_F0.7_H5,19597.286444835303,0.08550443516137607,-0.6906937288822296,0.41260744985673353,252
PERSIST_L5_F0.65_H5,19597.286444835303,0.08550443516137607,-0.6906937288822296,0.41260744985673353,252
PERSIST_L20_F0.7_H15,17958.625425388942,0.07982604724267373,-0.5199040478271284,0.30802292263610315,61
PERSIST_L30_F0.65_H10,17623.569964487986,0.0786052312839931,-0.4846166709619345,0.25787965616045844,53
PERSIST_L20_F0.7_H10,15910.243129290418,0.0719996644337415,-0.4294691318886035,0.2531041069723018,66
PERSIST_L20_F0.75_H5,15139.92550741155,0.06880895147278299,-0.2322798793716343,0.10506208213944604,53
PERSIST_L15_F0.7_H15,12001.488530160374,0.053999232417678567,-0.483637834688021,0.32617000955109837,81
PERSIST_L30_F0.7_H10,11424.972536001043,0.05088725844049313,-0.4805093682608057,0.14804202483285578,36
PERSIST_L20_F0.7_H5,9518.028964451216,0.03942354806761683,-0.43950010083653135,0.20415472779369628,80
PERSIST_L15_F0.7_H5,8886.509522045453,0.03514619625342852,-0.4730657850332093,0.20678127984718242,97
PERSIST_L30_F0.7_H20,8567.85835135706,0.032878262487558096,-0.7049815534387875,0.20057306590257878,32
PERSIST_L30_F0.7_H5,7845.842559777837,0.02743113939756392,-0.5271626073648326,0.12058261700095511,44
PERSIST_L20_F0.75_H15,6524.519788928549,0.01611327546991559,-0.5594991094868209,0.1826647564469914,40
PERSIST_L15_F0.75_H10,6167.905322230974,0.012688570948430344,-0.5075928486475434,0.12893982808022922,51
PERSIST_L15_F0.75_H20,5888.869950917943,0.009876520559837676,-0.750681128989363,0.224450811843362,46
PERSIST_L30_F0.75_H10,5767.182480773176,0.0086107606675907,-0.2257053128288915,0.03581661891117478,13
PERSIST_L20_F0.75_H20,5528.959308807426,0.006058429656901065,-0.621717146183284,0.20534861509073543,41
PERSIST_L30_F0.7_H15,5300.485718009316,0.0035115268513561393,-0.5409587096427604,0.17191977077363896,32
PERSIST_L20_F0.75_H10,4602.899458055149,-0.004958064650633309,-0.5900180220748499,0.1384909264565425,45
PERSIST_L30_F0.75_H20,4523.16587926718,-0.006001889046915676,-0.33564596314973083,0.05730659025787966,12
PERSIST_L15_F0.75_H15,4271.572174054625,-0.00941287496365184,-0.6506120213239641,0.17550143266475646,47
PERSIST_L30_F0.75_H15,4236.210521311729,-0.00990735429739864,-0.3810724618113287,0.04297994269340974,12
PERSIST_L30_F0.75_H5,3909.5949728898195,-0.01466739539043349,-0.2661766032305798,0.025071633237822348,13
PERSIST_L15_F0.75_H5,3812.5273077703673,-0.016154224248474902,-0.48788685998814196,0.09073543457497613,58
