rule,era,growth,cagr
S-0.03_M5_I1,TRAIN1,20.96977318251662,0.4713799963897918
S-0.03_M5_I1,TEST1,1.6377129835131838,0.1314434885252067
S-0.03_M5_I1,TRAIN2,34.34246980233399,0.3465554714561392
S-0.03_M5_I1,TEST2,1.5662373935020988,0.09893989573085049
S-0.03_M5_I2,TRAIN1,14.571506602763195,0.40495227408066703
S-0.03_M5_I2,TEST1,2.2383137658842918,0.22348925467474245
S-0.03_M5_I2,TRAIN2,32.615603818638704,0.340722841761546
S-0.03_M5_I2,TEST2,1.3775321241420098,0.0696699701168142
S-0.03_M5_I3,TRAIN1,12.292428260094466,0.37495049489559484
S-0.03_M5_I3,TEST1,1.5636368572831447,0.1184086186947424
S-0.03_M5_I3,TRAIN2,19.22089389299258,0.2823784007992223
S-0.03_M5_I3,TEST2,1.0619632365705354,0.012721910999022867
S-0.03_M5_I5,TRAIN1,9.555704003613256,0.3316992846131439
S-0.03_M5_I5,TEST1,1.4733512493401373,0.10187987879268179
S-0.03_M5_I5,TRAIN2,14.07890843204814,0.2492234669640454
S-0.03_M5_I5,TEST2,0.6873247530431723,-0.0758147809083125
S-0.03_M10_I1,TRAIN1,23.53837842928735,0.4931161750923745
S-0.03_M10_I1,TEST1,1.7646898536611741,0.15279379593082343
S-0.03_M10_I1,TRAIN2,41.537937585800336,0.36828103550344404
S-0.03_M10_I1,TEST2,3.3263298572204016,0.28752880819135407
S-0.03_M10_I2,TRAIN1,17.265844831543873,0.43553176274636374
S-0.03_M10_I2,TEST1,2.7593594615213894,0.2892974838979312
S-0.03_M10_I2,TRAIN2,47.64267229708066,0.3841588070692046
S-0.03_M10_I2,TEST2,2.780098059402161,0.23986766775509483
S-0.03_M10_I3,TRAIN1,13.893813156025965,0.3964862693745108
S-0.03_M10_I3,TEST1,1.8758641525286421,0.17056078926929952
S-0.03_M10_I3,TRAIN2,26.06290604131992,0.3156597667261498
S-0.03_M10_I3,TEST2,2.677913749664433,0.23014271646185924
S-0.03_M10_I5,TRAIN1,14.293266347968071,0.4015188688224325
S-0.03_M10_I5,TEST1,1.3234572605684454,0.07267754719931863
S-0.03_M10_I5,TRAIN2,18.916527125456984,0.2806572847357134
S-0.03_M10_I5,TEST2,1.9598798588683002,0.15199060891776695
S-0.03_M15_I1,TRAIN1,24.628040020927553,0.5017160499941367
S-0.03_M15_I1,TEST1,1.1436427419818813,0.03417151305389998
S-0.03_M15_I1,TRAIN2,28.165679219173086,0.32427713006417136
S-0.03_M15_I1,TEST2,2.295141869497649,0.1908846792047696
S-0.03_M15_I2,TRAIN1,18.218156496950137,0.445346382149439
S-0.03_M15_I2,TEST1,1.5843668738228371,0.12210223926400499
S-0.03_M15_I2,TRAIN2,28.864243655888153,0.3270097700628958
S-0.03_M15_I2,TEST2,1.6465039829700254,0.1105497779630753
S-0.03_M15_I3,TRAIN1,13.8266594483278,0.3956278434983267
S-0.03_M15_I3,TEST1,1.083061752009918,0.020176183396197533
S-0.03_M15_I3,TRAIN2,14.975126006550324,0.2557269109095386
S-0.03_M15_I3,TEST2,1.3935658523849697,0.0722760408295624
S-0.03_M15_I5,TRAIN1,13.713426636229032,0.39417210990178897
S-0.03_M15_I5,TEST1,0.6895937020056042,-0.08884343753709867
S-0.03_M15_I5,TRAIN2,9.456692641259425,0.20808727932763205
S-0.03_M15_I5,TEST2,1.1156551040203915,0.023279857034257168
S-0.03_M20_I1,TRAIN1,29.402113215486096,0.5358664797912718
S-0.03_M20_I1,TEST1,2.0824550800041406,0.20158109442776806
S-0.03_M20_I1,TRAIN2,61.22858002844588,0.41368812224795204
S-0.03_M20_I1,TEST2,4.410824100326982,0.3662408008602209
S-0.03_M20_I2,TRAIN1,21.749692604267466,0.4782149128922051
S-0.03_M20_I2,TEST1,2.4267074600043412,0.24849354692447734
S-0.03_M20_I2,TRAIN2,52.78014129557713,0.39613682238457826
S-0.03_M20_I2,TEST2,3.1275125787274725,0.2709505290448324
S-0.03_M20_I3,TRAIN1,16.506916756114432,0.4273657280954206
S-0.03_M20_I3,TEST1,1.53248973442935,0.11278926999160532
S-0.03_M20_I3,TRAIN2,25.29668047582517,0.3123606605668052
S-0.03_M20_I3,TEST2,2.881635813064689,0.2492553715555843
S-0.03_M20_I5,TRAIN1,16.411960481414322,0.42632104257367187
S-0.03_M20_I5,TEST1,1.3217266748877303,0.07232622929668087
S-0.03_M20_I5,TRAIN2,21.692125955488606,0.2954955470343972
S-0.03_M20_I5,TEST2,2.6772951518580292,0.23008295828859038
S-0.035_M5_I1,TRAIN1,19.254183453158184,0.455527546392253
S-0.035_M5_I1,TEST1,4.999162532167099,0.49611103633879927
S-0.035_M5_I1,TRAIN2,96.2547925065001,0.46853520591298636
S-0.035_M5_I1,TEST2,2.6028100085829005,0.222806450537957
S-0.035_M5_I2,TRAIN1,14.335728167713047,0.4020465880957038
S-0.035_M5_I2,TEST1,6.968927676472656,0.6258498779329207
S-0.035_M5_I2,TRAIN2,99.9046527903638,0.4731410804599001
S-0.035_M5_I2,TEST2,2.311126738082428,0.19262395563885426
S-0.035_M5_I3,TRAIN1,13.7966262735224,0.3952427508644043
S-0.035_M5_I3,TEST1,4.895345219074501,0.48827168767236495
S-0.035_M5_I3,TRAIN2,67.5392484674455,0.42540450590474044
S-0.035_M5_I3,TEST2,2.1712486145606196,0.17706935292924264
S-0.035_M5_I5,TRAIN1,11.436372126974478,0.36241204930206905
S-0.035_M5_I5,TEST1,3.853449184583762,0.4017261648598809
S-0.035_M5_I5,TRAIN2,44.06947884728633,0.37510893861968087
S-0.035_M5_I5,TEST2,1.930165859764189,0.14829584408281482
S-0.035_M10_I1,TRAIN1,19.613499180131576,0.458947021578183
S-0.035_M10_I1,TEST1,4.675953682262064,0.47128604241723204
S-0.035_M10_I1,TRAIN2,91.7118137133804,0.46257342039536486
S-0.035_M10_I1,TEST2,3.0058213695894156,0.260388247239002
S-0.035_M10_I2,TRAIN1,14.867924795743555,0.40854758298742055
S-0.035_M10_I2,TEST1,6.50817778532616,0.5982459955329644
S-0.035_M10_I2,TRAIN2,96.76309786955856,0.46918614321916663
S-0.035_M10_I2,TEST2,2.377193962970918,0.19971334861410495
S-0.035_M10_I3,TRAIN1,14.205992672829295,0.40042991200264244
S-0.035_M10_I3,TEST1,4.212474233239105,0.4333371047037171
S-0.035_M10_I3,TRAIN2,59.842378091876974,0.41096685488878415
S-0.035_M10_I3,TEST2,2.390597898672988,0.2011326376528657
S-0.035_M10_I5,TRAIN1,14.865896926681508,0.4085232000304966
S-0.035_M10_I5,TEST1,4.1069220844410985,0.42426029804814513
S-0.035_M10_I5,TRAIN2,61.05308039321333,0.41334673539730926
S-0.035_M10_I5,TEST2,1.9945724585919629,0.15624887134915078
S-0.035_M15_I1,TRAIN1,21.538387644840334,0.4763845263913038
S-0.035_M15_I1,TEST1,3.409929285421894,0.3594677681467673
S-0.035_M15_I1,TRAIN2,73.44437879091008,0.43549275674373966
S-0.035_M15_I1,TEST2,2.891894152820059,0.25018920625786145
S-0.035_M15_I2,TRAIN1,16.036435468605365,0.422137212775485
S-0.035_M15_I2,TEST1,4.370560313533892,0.4466177575108363
S-0.035_M15_I2,TRAIN2,70.08820842963408,0.4298544359166394
S-0.035_M15_I2,TEST2,2.2160266835152247,0.1821327319439372
S-0.035_M15_I3,TRAIN1,15.836551885644097,0.41987525043441676
S-0.035_M15_I3,TEST1,2.7069957484160554,0.28312836932816965
S-0.035_M15_I3,TRAIN2,42.869478624008764,0.37191844622564685
S-0.035_M15_I3,TEST2,2.452784486459111,0.20763627512270277
S-0.035_M15_I5,TRAIN1,16.375305415247876,0.42591636038623704
S-0.035_M15_I5,TEST1,2.1240627424222955,0.2075467563927591
S-0.035_M15_I5,TRAIN2,34.78217612831403,0.3479976625222583
S-0.035_M15_I5,TEST2,2.2111318156275344,0.18158318884337588
S-0.035_M20_I1,TRAIN1,19.712014435416062,0.45987499818089717
S-0.035_M20_I1,TEST1,4.62344101067696,0.46713208264288286
S-0.035_M20_I1,TRAIN2,91.13733594375866,0.46180035715777024
S-0.035_M20_I1,TEST2,3.4800807561918896,0.2998206121882423
S-0.035_M20_I2,TRAIN1,14.676606840878977,0.40623429994099824
S-0.035_M20_I2,TEST1,5.101526825624958,0.5037220664704196
S-0.035_M20_I2,TRAIN2,74.87310350789481,0.4378216690941972
S-0.035_M20_I2,TEST2,2.6667476086525057,0.229062356027252
S-0.035_M20_I3,TRAIN1,14.493672624181501,0.40399763177662495
S-0.035_M20_I3,TEST1,3.2968239846189533,0.34803600470247753
S-0.035_M20_I3,TRAIN2,47.78308753261663,0.38450158988711447
S-0.035_M20_I3,TEST2,2.9516599292157584,0.2555783673171097
S-0.035_M20_I5,TRAIN1,14.986741907165866,0.4099711875964498
S-0.035_M20_I5,TEST1,2.7186909054064077,0.2845139168628017
S-0.035_M20_I5,TRAIN2,40.74431892468486,0.36606195795132
S-0.035_M20_I5,TEST2,3.04645249389073,0.2639518129379952
S-0.04_M5_I1,TRAIN1,27.042246401961837,0.5196446662171454
S-0.04_M5_I1,TEST1,5.394896276837053,0.5249184738534218
S-0.04_M5_I1,TRAIN2,145.890114431254,0.5208285922784459
S-0.04_M5_I1,TEST2,2.751167183366333,0.23714334079787092
S-0.04_M5_I2,TRAIN1,18.20227580261007,0.44518642569999467
S-0.04_M5_I2,TEST1,6.2488483480298465,0.5820591515506253
S-0.04_M5_I2,TRAIN2,113.74326107952356,0.48930882263564834
S-0.04_M5_I2,TEST2,1.9707632563019166,0.1533328304701016
S-0.04_M5_I3,TRAIN1,15.83224874814305,0.41982628092639107
S-0.04_M5_I3,TEST1,4.497574389844154,0.457029566911787
S-0.04_M5_I3,TRAIN2,71.20671650329035,0.4317604811275215
S-0.04_M5_I3,TEST2,2.2917268911347684,0.1905118638046155
S-0.04_M5_I5,TRAIN1,16.356161988461608,0.42570469711559755
S-0.04_M5_I5,TEST1,3.9583896597899297,0.41118647593909596
S-0.04_M5_I5,TRAIN2,64.74406248897554,0.42034431563899766
S-0.04_M5_I5,TEST2,2.060801912308514,0.16421822222082727
S-0.04_M10_I1,TRAIN1,32.17371983931706,0.5535261528577002
S-0.04_M10_I1,TEST1,5.743106903948015,0.5489838334958668
S-0.04_M10_I1,TRAIN2,184.77711253487143,0.5513681428169883
S-0.04_M10_I1,TEST2,2.9908658178909824,0.25906698520367
S-0.04_M10_I2,TRAIN1,21.656297091822584,0.47740781643955077
S-0.04_M10_I2,TEST1,6.5313671820944785,0.5996697312874317
S-0.04_M10_I2,TRAIN2,141.44522811121863,0.5168744547864923
S-0.04_M10_I2,TEST2,1.9642393451564417,0.15252895815408452
S-0.04_M10_I3,TRAIN1,19.32861604135844,0.45624044229219374
S-0.04_M10_I3,TEST1,5.152471255216841,0.5074673079398304
S-0.04_M10_I3,TRAIN2,99.59013855622226,0.47275030591061107
S-0.04_M10_I3,TEST2,2.669070326057909,0.22928738035451657
S-0.04_M10_I5,TRAIN1,22.991867170734245,0.48867130022056404
S-0.04_M10_I5,TEST1,4.683104194902542,0.4718489670360908
S-0.04_M10_I5,TRAIN2,107.67330959590774,0.4824524010886768
S-0.04_M10_I5,TEST2,2.1229540379325784,0.17151504559570485
S-0.04_M15_I1,TRAIN1,28.801564966387428,0.5318492452675665
S-0.04_M15_I1,TEST1,5.894496546371564,0.5591062476634117
S-0.04_M15_I1,TRAIN2,169.77072522446673,0.5403512399936676
S-0.04_M15_I1,TEST2,2.7217630781098476,0.23435116920257015
S-0.04_M15_I2,TRAIN1,19.386482220165934,0.4567930152976529
S-0.04_M15_I2,TEST1,7.095981727797633,0.6332202819433386
S-0.04_M15_I2,TRAIN2,137.56612360057113,0.5133295082113594
S-0.04_M15_I2,TEST2,1.630773432914308,0.10831026177209147
S-0.04_M15_I3,TRAIN1,17.302767395433396,0.4359209971135489
S-0.04_M15_I3,TEST1,5.356690729449441,0.5222077770265787
S-0.04_M15_I3,TRAIN2,92.68557370093829,0.463873716592039
S-0.04_M15_I3,TEST2,2.299761334949659,0.19138829277726588
S-0.04_M15_I5,TRAIN1,20.337534473458152,0.46567442698757255
S-0.04_M15_I5,TEST1,4.341928786424922,0.4442394647964636
S-0.04_M15_I5,TRAIN2,88.30412637521724,0.457921233558499
S-0.04_M15_I5,TEST2,2.056915658349007,0.16375622074849172
S-0.04_M20_I1,TRAIN1,26.832572502172827,0.5181442293308955
S-0.04_M20_I1,TEST1,4.640318955289711,0.46847103457781314
S-0.04_M20_I1,TRAIN2,124.51169480101817,0.5006870737813642
S-0.04_M20_I1,TEST2,3.2367627124456226,0.2801599743896126
S-0.04_M20_I2,TRAIN1,18.061143217105236,0.4437595059280024
S-0.04_M20_I2,TEST1,4.32081793097854,0.4424783393804739
S-0.04_M20_I2,TRAIN2,78.03891146643988,0.44284043960301744
S-0.04_M20_I2,TEST2,1.9393409670946096,0.1494414812621787
S-0.04_M20_I3,TRAIN1,16.119879637374893,0.42307422370550096
S-0.04_M20_I3,TEST1,3.437776254248433,0.3622386071936359
S-0.04_M20_I3,TRAIN2,55.41653943871001,0.40187444954276375
S-0.04_M20_I3,TEST2,2.7349117182009226,0.235602674849116
S-0.04_M20_I5,TRAIN1,18.94717765896983,0.45256145817429494
S-0.04_M20_I5,TEST1,2.7777116632589705,0.29143883622487143
S-0.04_M20_I5,TRAIN2,52.629796369160246,0.39580176915125476
S-0.04_M20_I5,TEST2,2.800592206884557,0.24178401865829557
S-0.045_M5_I1,TRAIN1,33.56154322708035,0.561874733946544
S-0.045_M5_I1,TEST1,5.96432095256523,0.5637093628658854
S-0.045_M5_I1,TRAIN2,200.17181546969923,0.5618492734549094
S-0.045_M5_I1,TEST2,3.12672772220878,0.27088345518542645
S-0.045_M5_I2,TRAIN1,25.66759232727649,0.5096161946182964
S-0.045_M5_I2,TEST1,8.491514247555696,0.7083019998887068
S-0.045_M5_I2,TRAIN2,217.95672594752,0.5730753932883683
S-0.045_M5_I2,TEST2,2.197353700524432,0.1800311552188152
S-0.045_M5_I3,TRAIN1,24.365747896240205,0.49967679941627186
S-0.045_M5_I3,TEST1,6.674834393602384,0.6083947984451832
S-0.045_M5_I3,TRAIN2,162.63733208366924,0.5347978593486691
S-0.045_M5_I3,TEST2,2.4766886310351643,0.21010160806865197
S-0.045_M5_I5,TRAIN1,24.41567415278667,0.5000664346428871
S-0.045_M5_I5,TEST1,5.902762481467113,0.5596532986018021
S-0.045_M5_I5,TRAIN2,144.11992534879556,0.5192672443409301
S-0.045_M5_I5,TEST2,1.833223534942689,0.13592060010651408
S-0.045_M10_I1,TRAIN1,38.98623191096958,0.5918576089009613
S-0.045_M10_I1,TEST1,5.69072797010548,0.5454350327237409
S-0.045_M10_I1,TRAIN2,221.8600403847733,0.5754265278192403
S-0.045_M10_I1,TEST2,3.83974763845782,0.3269819898585997
S-0.045_M10_I2,TRAIN1,29.81634963257544,0.5385958769248496
S-0.045_M10_I2,TEST1,8.05773710865493,0.6860243136543791
S-0.045_M10_I2,TRAIN2,240.25230687903252,0.586019106180534
S-0.045_M10_I2,TEST2,2.7533711723772454,0.23735167737982388
S-0.045_M10_I3,TRAIN1,28.304082793205747,0.5284656779169961
S-0.045_M10_I3,TEST1,7.37735710402508,0.6491973624493488
S-0.045_M10_I3,TRAIN2,208.80932626737024,0.5674107683032421
S-0.045_M10_I3,TEST2,3.0275739673474242,0.26230076407051106
S-0.045_M10_I5,TRAIN1,27.773767224267058,0.5248011338128273
S-0.045_M10_I5,TEST1,6.588298065694043,0.6031490565113655
S-0.045_M10_I5,TRAIN2,182.9818568806746,0.5500942484627149
S-0.045_M10_I5,TEST2,1.9771861797605856,0.1541222087725007
S-0.045_M15_I1,TRAIN1,35.19885342944986,0.5713450324257996
S-0.045_M15_I1,TEST1,6.552833195364505,0.6009842846950741
S-0.045_M15_I1,TRAIN2,230.6522151912682,0.5805866440805656
S-0.045_M15_I1,TEST2,3.068600276982835,0.26587851103081084
S-0.045_M15_I2,TRAIN1,26.919793708582592,0.5187696277595255
S-0.045_M15_I2,TEST1,9.821616056364283,0.7716819467424512
S-0.045_M15_I2,TRAIN2,264.39587812222874,0.5988493249089368
S-0.045_M15_I2,TEST2,2.074944360768362,0.1658937032866481
S-0.045_M15_I3,TRAIN1,25.554438396821404,0.5087699658554266
S-0.045_M15_I3,TEST1,8.604849354807772,0.7139815979987272
S-0.045_M15_I3,TRAIN2,219.8920927513631,0.5742459256792489
S-0.045_M15_I3,TEST2,2.528573710403535,0.21538874388323115
S-0.045_M15_I5,TRAIN1,24.335735656376688,0.4994422418693245
S-0.045_M15_I5,TEST1,6.853045018687848,0.6190391624502949
S-0.045_M15_I5,TRAIN2,166.77389201603657,0.5380447252141638
S-0.045_M15_I5,TEST2,1.8568702727387112,0.13898604488069455
S-0.045_M20_I1,TRAIN1,35.29317238179042,0.5718787776132124
S-0.045_M20_I1,TEST1,4.920733054405484,0.4902001759449466
S-0.045_M20_I1,TRAIN2,173.66827993390598,0.5432958394149716
S-0.045_M20_I1,TEST2,3.006847019195659,0.26047866881955706
S-0.045_M20_I2,TRAIN1,26.99192806787082,0.5192855144444204
S-0.045_M20_I2,TEST1,7.222640384672526,0.6404699276152237
S-0.045_M20_I2,TRAIN2,194.95298972317963,0.5583814998729744
S-0.045_M20_I2,TEST2,2.033187676143873,0.16092036502552487
S-0.045_M20_I3,TRAIN1,25.6229141459554,0.5092824559143063
S-0.045_M20_I3,TEST1,6.66935549392575,0.6080641898739614
S-0.045_M20_I3,TRAIN2,170.88832322971544,0.5412018634041231
S-0.045_M20_I3,TEST2,2.47768807849387,0.21020427524337726
S-0.045_M20_I5,TRAIN1,24.400945766022645,0.49995156354208636
S-0.045_M20_I5,TEST1,5.294776248261997,0.5177839846377617
S-0.045_M20_I5,TRAIN2,129.1975480770658,0.5053590165061042
S-0.045_M20_I5,TEST2,1.8195021640639208,0.13412748628318116
S-0.05_M5_I1,TRAIN1,22.378091416794465,0.48356800581770565
S-0.05_M5_I1,TEST1,8.229827547256086,0.6949675518105545
S-0.05_M5_I1,TRAIN2,184.1678331969505,0.5509370803202636
S-0.05_M5_I1,TEST2,3.727556806569955,0.3187333924833946
S-0.05_M5_I2,TRAIN1,19.54064521583907,0.4582581435194055
S-0.05_M5_I2,TEST1,10.424305290125039,0.7982938775432789
S-0.05_M5_I2,TRAIN2,203.6976512959277,0.5641455316095589
S-0.05_M5_I2,TEST2,2.3272978651126155,0.19437385831878062
S-0.05_M5_I3,TRAIN1,19.02347466754157,0.45330248637991044
S-0.05_M5_I3,TEST1,9.649065308059855,0.7638380010319941
S-0.05_M5_I3,TRAIN2,183.55874945333053,0.55050484876495
S-0.05_M5_I3,TEST2,2.8252336600010035,0.24407356444905748
S-0.05_M5_I5,TRAIN1,18.191809752430974,0.44508094100119755
S-0.05_M5_I5,TEST1,9.348573414810772,0.7499232873583983
S-0.05_M5_I5,TRAIN2,170.06746901887126,0.5405775958178947
S-0.05_M5_I5,TEST2,2.4035462151907305,0.20249772776045338
S-0.05_M10_I1,TRAIN1,24.92586193598064,0.5040086726405906
S-0.05_M10_I1,TEST1,7.386706526290051,0.6497203427563847
S-0.05_M10_I1,TRAIN2,184.12002703591313,0.5509032024313634
S-0.05_M10_I1,TEST2,5.6314467006678575,0.43826072297979013
S-0.05_M10_I2,TRAIN1,21.76536933906923,0.47835008991926764
S-0.05_M10_I2,TEST1,10.242558651286911,0.7903930459158923
S-0.05_M10_I2,TRAIN2,222.93307202233814,0.5760662215006673
S-0.05_M10_I2,TEST2,3.5875656108442824,0.3081612534092879
S-0.05_M10_I3,TRAIN1,21.18931835044288,0.47332615351244023
S-0.05_M10_I3,TEST1,9.883794977741102,0.7744832035635827
S-0.05_M10_I3,TRAIN2,209.43087829386465,0.5678027985667091
S-0.05_M10_I3,TEST2,4.248746434769153,0.35552765841360356
S-0.05_M10_I5,TRAIN1,20.792307590598043,0.46979380813669636
S-0.05_M10_I5,TEST1,8.79872193217853,0.7235685116880821
S-0.05_M10_I5,TRAIN2,182.94573281799737,0.5500684979212551
S-0.05_M10_I5,TEST2,3.8227148412181218,0.3257420495499439
S-0.05_M15_I1,TRAIN1,22.504400089007554,0.4846281120022906
S-0.05_M15_I1,TEST1,8.269099929448155,0.6969887899632461
S-0.05_M15_I1,TRAIN2,186.09113318828477,0.5522933929124554
S-0.05_M15_I1,TEST2,4.015231245046477,0.33951026648015104
S-0.05_M15_I2,TRAIN1,19.65093848908703,0.45930016415520014
S-0.05_M15_I2,TEST1,11.466103427729323,0.8416921036877112
S-0.05_M15_I2,TRAIN2,225.31969316781905,0.5774789674768612
S-0.05_M15_I2,TEST2,2.5579404902487775,0.21834337902440648
S-0.05_M15_I3,TRAIN1,19.130848874813484,0.4543409658751829
S-0.05_M15_I3,TEST1,11.064482941380295,0.8253264061678267
S-0.05_M15_I3,TRAIN2,211.67295102949853,0.5692081374191782
S-0.05_M15_I3,TEST2,3.029363562144991,0.2624576239424521
S-0.05_M15_I5,TRAIN1,18.772406346240764,0.4508541380785571
S-0.05_M15_I5,TEST1,9.849790383530198,0.7729528861730421
S-0.05_M15_I5,TRAIN2,184.9042675049234,0.5514579401942943
S-0.05_M15_I5,TEST2,2.725602298525097,0.23471708411628533
S-0.05_M20_I1,TRAIN1,22.564702946420162,0.4851324016990315
S-0.05_M20_I1,TEST1,7.1246427305713835,0.6348692116348302
S-0.05_M20_I1,TRAIN2,160.765446814715,0.5333036534090445
S-0.05_M20_I1,TEST2,3.8533304272108237,0.3279676698374272
S-0.05_M20_I2,TRAIN1,19.703595202309565,0.4597958506044104
S-0.05_M20_I2,TEST1,9.879175621451619,0.7742755493954876
S-0.05_M20_I2,TRAIN2,194.6552773776079,0.5581811241688441
S-0.05_M20_I2,TEST2,2.454800065184322,0.20784488076849983
S-0.05_M20_I3,TRAIN1,19.182111954358756,0.4548349678132513
S-0.05_M20_I3,TEST1,9.53314007914006,0.7585089308058819
S-0.05_M20_I3,TRAIN2,182.865760274649,0.5500114740227613
S-0.05_M20_I3,TEST2,2.9072145728837056,0.2515789920302167
S-0.05_M20_I5,TRAIN1,18.822708942120435,0.4513469556315819
S-0.05_M20_I5,TEST1,8.486562993846134,0.7080525837452327
S-0.05_M20_I5,TRAIN2,159.740105152136,0.5324784210716174
S-0.05_M20_I5,TEST2,2.615701469831769,0.22407749319528092
S-0.055_M5_I1,TRAIN1,22.378091416794465,0.48356800581770565
S-0.055_M5_I1,TEST1,8.687961883044872,0.718111102742903
S-0.055_M5_I1,TRAIN2,194.420005244404,0.5580225752887371
S-0.055_M5_I1,TEST2,1.8952121838764926,0.14389160807302592
S-0.055_M5_I2,TRAIN1,19.54064521583907,0.4582581435194055
S-0.055_M5_I2,TEST1,10.950245861439019,0.8205901077293465
S-0.055_M5_I2,TRAIN2,213.97486940458947,0.5706368746424679
S-0.055_M5_I2,TEST2,1.2265031827319866,0.043866415726709684
S-0.055_M5_I3,TRAIN1,19.02347466754157,0.45330248637991044
S-0.055_M5_I3,TEST1,10.950245861439019,0.8205901077293465
S-0.055_M5_I3,TRAIN2,208.31172474843714,0.5670961460299151
S-0.055_M5_I3,TEST2,1.3671145030266614,0.06796385695194207
S-0.055_M5_I5,TRAIN1,18.191809752430974,0.44508094100119755
S-0.055_M5_I5,TEST1,10.950245861439019,0.8205901077293465
S-0.055_M5_I5,TRAIN2,199.2047894536427,0.5612130092895866
S-0.055_M5_I5,TEST2,1.2959142492170865,0.05601995489466227
S-0.055_M10_I1,TRAIN1,24.92586193598064,0.5040086726405906
S-0.055_M10_I1,TEST1,7.062045394874741,0.6312613826131444
S-0.055_M10_I1,TRAIN2,176.02756849827645,0.5450490066913325
S-0.055_M10_I1,TEST2,2.199460350907635,0.18026895531850684
S-0.055_M10_I2,TRAIN1,21.76536933906923,0.47835008991926764
S-0.055_M10_I2,TEST1,8.900952191035568,0.7285601213827881
S-0.055_M10_I2,TRAIN2,193.73251190728624,0.5575582674656683
S-0.055_M10_I2,TEST2,1.4234000517890464,0.07706282246209528
S-0.055_M10_I3,TRAIN1,21.18931835044288,0.47332615351244023
S-0.055_M10_I3,TEST1,9.811126588606328,0.7712080702985245
S-0.055_M10_I3,TRAIN2,207.89108466247433,0.5668296474221641
S-0.055_M10_I3,TEST2,1.5865844310939183,0.10192659590009301
S-0.055_M10_I5,TRAIN1,20.792307590598043,0.46979380813669636
S-0.055_M10_I5,TEST1,7.642772556375746,0.6638548017473678
S-0.055_M10_I5,TRAIN2,158.9108778371457,0.5318074728114972
S-0.055_M10_I5,TEST2,1.4719815943052401,0.08469065260660513
S-0.055_M15_I1,TRAIN1,22.504400089007554,0.4846281120022906
S-0.055_M15_I1,TEST1,7.90565577076581,0.6780009363097481
S-0.055_M15_I1,TRAIN2,177.91204043128482,0.5464339496191406
S-0.055_M15_I1,TEST2,1.7094208922312037,0.11934158000539896
S-0.055_M15_I2,TRAIN1,19.65093848908703,0.45930016415520014
S-0.055_M15_I2,TEST1,9.964232756906386,0.7780875174655393
S-0.055_M15_I2,TRAIN2,195.8065249969135,0.5589544233790631
S-0.055_M15_I2,TEST2,1.1062667192555125,0.021463113154960967
S-0.055_M15_I3,TRAIN1,19.130848874813484,0.4543409658751829
S-0.055_M15_I3,TEST1,10.983133808403547,0.82195743247429
S-0.055_M15_I3,TRAIN2,210.11667306042318,0.5682341139665126
S-0.055_M15_I3,TEST2,1.2330936416660094,0.04504337875423192
S-0.055_M15_I5,TRAIN1,18.772406346240764,0.4508541380785571
S-0.055_M15_I5,TEST1,8.555754825480559,0.7115282351275192
S-0.055_M15_I5,TRAIN2,160.61210618273122,0.5331805463625923
S-0.055_M15_I5,TEST2,1.1440243008912685,0.02869718248085018
S-0.055_M20_I1,TRAIN1,22.564702946420162,0.4851324016990315
S-0.055_M20_I1,TEST1,6.811499848611138,0.6165764229512924
S-0.055_M20_I1,TRAIN2,153.69947070349608,0.5275158907028425
S-0.055_M20_I1,TEST2,1.7106914891398033,0.1195164778282265
S-0.055_M20_I2,TRAIN1,19.703595202309565,0.4597958506044104
S-0.055_M20_I2,TEST1,8.585166352192351,0.7129992579147084
S-0.055_M20_I2,TRAIN2,169.15864254808656,0.539883197196676
S-0.055_M20_I2,TEST2,1.1070889971859876,0.021622717406050374
S-0.055_M20_I3,TRAIN1,19.182111954358756,0.4548349678132513
S-0.055_M20_I3,TEST1,9.463049801619398,0.7552632809825319
S-0.055_M20_I3,TRAIN2,181.5212807243353,0.5490493661343314
S-0.055_M20_I3,TEST2,1.2340101888874915,0.04520666743658763
S-0.055_M20_I5,TRAIN1,18.822708942120435,0.4513469556315819
S-0.055_M20_I5,TEST1,7.371624111692089,0.6488764292392792
S-0.055_M20_I5,TRAIN2,138.75393508509688,0.5144246208912511
S-0.055_M20_I5,TEST2,1.1448746436867066,0.028857917059802007
S-0.06_M5_I1,TRAIN1,22.378091416794465,0.48356800581770565
S-0.06_M5_I1,TEST1,8.687961883044872,0.718111102742903
S-0.06_M5_I1,TRAIN2,194.420005244404,0.5580225752887371
S-0.06_M5_I1,TEST2,1.8952121838764926,0.14389160807302592
S-0.06_M5_I2,TRAIN1,19.54064521583907,0.4582581435194055
S-0.06_M5_I2,TEST1,10.950245861439019,0.8205901077293465
S-0.06_M5_I2,TRAIN2,213.97486940458947,0.5706368746424679
S-0.06_M5_I2,TEST2,1.2265031827319866,0.043866415726709684
S-0.06_M5_I3,TRAIN1,19.02347466754157,0.45330248637991044
S-0.06_M5_I3,TEST1,10.950245861439019,0.8205901077293465
S-0.06_M5_I3,TRAIN2,208.31172474843714,0.5670961460299151
S-0.06_M5_I3,TEST2,1.3671145030266614,0.06796385695194207
S-0.06_M5_I5,TRAIN1,18.191809752430974,0.44508094100119755
S-0.06_M5_I5,TEST1,10.950245861439019,0.8205901077293465
S-0.06_M5_I5,TRAIN2,199.2047894536427,0.5612130092895866
S-0.06_M5_I5,TEST2,1.2959142492170865,0.05601995489466227
S-0.06_M10_I1,TRAIN1,24.92586193598064,0.5040086726405906
S-0.06_M10_I1,TEST1,7.062045394874741,0.6312613826131444
S-0.06_M10_I1,TRAIN2,176.02756849827645,0.5450490066913325
S-0.06_M10_I1,TEST2,2.199460350907635,0.18026895531850684
S-0.06_M10_I2,TRAIN1,21.76536933906923,0.47835008991926764
S-0.06_M10_I2,TEST1,8.900952191035568,0.7285601213827881
S-0.06_M10_I2,TRAIN2,193.73251190728624,0.5575582674656683
S-0.06_M10_I2,TEST2,1.4234000517890464,0.07706282246209528
S-0.06_M10_I3,TRAIN1,21.18931835044288,0.47332615351244023
S-0.06_M10_I3,TEST1,9.811126588606328,0.7712080702985245
S-0.06_M10_I3,TRAIN2,207.89108466247433,0.5668296474221641
S-0.06_M10_I3,TEST2,1.5865844310939183,0.10192659590009301
S-0.06_M10_I5,TRAIN1,20.792307590598043,0.46979380813669636
S-0.06_M10_I5,TEST1,7.642772556375746,0.6638548017473678
S-0.06_M10_I5,TRAIN2,158.9108778371457,0.5318074728114972
S-0.06_M10_I5,TEST2,1.4719815943052401,0.08469065260660513
S-0.06_M15_I1,TRAIN1,22.504400089007554,0.4846281120022906
S-0.06_M15_I1,TEST1,7.90565577076581,0.6780009363097481
S-0.06_M15_I1,TRAIN2,177.91204043128482,0.5464339496191406
S-0.06_M15_I1,TEST2,1.7094208922312037,0.11934158000539896
S-0.06_M15_I2,TRAIN1,19.65093848908703,0.45930016415520014
S-0.06_M15_I2,TEST1,9.964232756906386,0.7780875174655393
S-0.06_M15_I2,TRAIN2,195.8065249969135,0.5589544233790631
S-0.06_M15_I2,TEST2,1.1062667192555125,0.021463113154960967
S-0.06_M15_I3,TRAIN1,19.130848874813484,0.4543409658751829
S-0.06_M15_I3,TEST1,10.983133808403547,0.82195743247429
S-0.06_M15_I3,TRAIN2,210.11667306042318,0.5682341139665126
S-0.06_M15_I3,TEST2,1.2330936416660094,0.04504337875423192
S-0.06_M15_I5,TRAIN1,18.772406346240764,0.4508541380785571
S-0.06_M15_I5,TEST1,8.555754825480559,0.7115282351275192
S-0.06_M15_I5,TRAIN2,160.61210618273122,0.5331805463625923
S-0.06_M15_I5,TEST2,1.1440243008912685,0.02869718248085018
S-0.06_M20_I1,TRAIN1,22.564702946420162,0.4851324016990315
S-0.06_M20_I1,TEST1,6.811499848611138,0.6165764229512924
S-0.06_M20_I1,TRAIN2,153.69947070349608,0.5275158907028425
S-0.06_M20_I1,TEST2,1.7106914891398033,0.1195164778282265
S-0.06_M20_I2,TRAIN1,19.703595202309565,0.4597958506044104
S-0.06_M20_I2,TEST1,8.585166352192351,0.7129992579147084
S-0.06_M20_I2,TRAIN2,169.15864254808656,0.539883197196676
S-0.06_M20_I2,TEST2,1.1070889971859876,0.021622717406050374
S-0.06_M20_I3,TRAIN1,19.182111954358756,0.4548349678132513
S-0.06_M20_I3,TEST1,9.463049801619398,0.7552632809825319
S-0.06_M20_I3,TRAIN2,181.5212807243353,0.5490493661343314
S-0.06_M20_I3,TEST2,1.2340101888874915,0.04520666743658763
S-0.06_M20_I5,TRAIN1,18.822708942120435,0.4513469556315819
S-0.06_M20_I5,TEST1,7.371624111692089,0.6488764292392792
S-0.06_M20_I5,TRAIN2,138.75393508509688,0.5144246208912511
S-0.06_M20_I5,TEST2,1.1448746436867066,0.028857917059802007
S-0.07_M5_I1,TRAIN1,28.42397765462376,0.5292858498399977
S-0.07_M5_I1,TEST1,6.697717610230898,0.6097734256645189
S-0.07_M5_I1,TRAIN2,190.37577569018345,0.5552693505729787
S-0.07_M5_I1,TEST2,2.1302716686605523,0.17236301052049696
S-0.07_M5_I2,TRAIN1,28.42397765462376,0.5292858498399977
S-0.07_M5_I2,TEST1,6.613187784506657,0.6046631110560028
S-0.07_M5_I2,TRAIN2,187.97310181264888,0.553608187656222
S-0.07_M5_I2,TEST2,2.1302716686605523,0.17236301052049696
S-0.07_M5_I3,TRAIN1,28.42397765462376,0.5292858498399977
S-0.07_M5_I3,TEST1,6.613187784506657,0.6046631110560028
S-0.07_M5_I3,TRAIN2,187.97310181264888,0.553608187656222
S-0.07_M5_I3,TEST2,2.1302716686605523,0.17236301052049696
S-0.07_M5_I5,TRAIN1,28.42397765462376,0.5292858498399977
S-0.07_M5_I5,TEST1,6.613187784506657,0.6046631110560028
S-0.07_M5_I5,TRAIN2,187.97310181264888,0.553608187656222
S-0.07_M5_I5,TEST2,2.1302716686605523,0.17236301052049696
S-0.07_M10_I1,TRAIN1,28.42397765462376,0.5292858498399977
S-0.07_M10_I1,TEST1,5.4442671874298725,0.5284001249111008
S-0.07_M10_I1,TRAIN2,154.74772888130857,0.5283897257581747
S-0.07_M10_I1,TEST2,2.1302716686605523,0.17236301052049696
S-0.07_M10_I2,TRAIN1,28.42397765462376,0.5292858498399977
S-0.07_M10_I2,TEST1,5.3755567724301985,0.5235481343381008
S-0.07_M10_I2,TRAIN2,152.79470558071728,0.526757272618243
S-0.07_M10_I2,TEST2,2.1302716686605523,0.17236301052049696
S-0.07_M10_I3,TRAIN1,28.42397765462376,0.5292858498399977
S-0.07_M10_I3,TEST1,5.925238878562815,0.5611379191538808
S-0.07_M10_I3,TRAIN2,168.41885748257735,0.539315429211183
S-0.07_M10_I3,TEST2,2.1302716686605523,0.17236301052049696
S-0.07_M10_I5,TRAIN1,28.42397765462376,0.5292858498399977
S-0.07_M10_I5,TEST1,4.615703679090252,0.4665170436674255
S-0.07_M10_I5,TRAIN2,131.19665823482623,0.5073051159868742
S-0.07_M10_I5,TEST2,2.1302716686605523,0.17236301052049696
S-0.07_M15_I1,TRAIN1,28.42397765462376,0.5292858498399977
S-0.07_M15_I1,TEST1,6.094622719238316,0.5721924567039018
S-0.07_M15_I1,TRAIN2,173.2334199849926,0.5429703199043148
S-0.07_M15_I1,TEST2,2.1302716686605523,0.17236301052049696
S-0.07_M15_I2,TRAIN1,28.42397765462376,0.5292858498399977
S-0.07_M15_I2,TEST1,6.0177043678994515,0.5672014449560363
S-0.07_M15_I2,TRAIN2,171.04709448530608,0.5413222934218678
S-0.07_M15_I2,TEST2,2.1302716686605523,0.17236301052049696
S-0.07_M15_I3,TRAIN1,28.42397765462376,0.5292858498399977
S-0.07_M15_I3,TEST1,6.633049819740903,0.6058682673235956
S-0.07_M15_I3,TRAIN2,188.53765985832177,0.5540002528251904
S-0.07_M15_I3,TEST2,2.1302716686605523,0.17236301052049696
S-0.07_M15_I5,TRAIN1,28.42397765462376,0.5292858498399977
S-0.07_M15_I5,TEST1,5.167081544566032,0.5085362766610217
S-0.07_M15_I5,TRAIN2,146.869010362364,0.5216845663196112
S-0.07_M15_I5,TEST2,2.1302716686605523,0.17236301052049696
S-0.07_M20_I1,TRAIN1,28.42397765462376,0.5292858498399977
S-0.07_M20_I1,TEST1,5.251116786914221,0.5146411440262979
S-0.07_M20_I1,TRAIN2,149.25762621307015,0.5237515074860504
S-0.07_M20_I1,TEST2,2.1302716686605523,0.17236301052049696
S-0.07_M20_I2,TRAIN1,28.42397765462376,0.5292858498399977
S-0.07_M20_I2,TEST1,5.184844063475216,0.5098328320976921
S-0.07_M20_I2,TRAIN2,147.37389180292828,0.5221240083665852
S-0.07_M20_I2,TEST2,2.1302716686605523,0.17236301052049696
S-0.07_M20_I3,TRAIN1,28.42397765462376,0.5292858498399977
S-0.07_M20_I3,TEST1,5.715024680187748,0.5470842257276078
S-0.07_M20_I3,TRAIN2,162.44373380527992,0.5346440546069158
S-0.07_M20_I3,TEST2,2.1302716686605523,0.17236301052049696
S-0.07_M20_I5,TRAIN1,28.42397765462376,0.5292858498399977
S-0.07_M20_I5,TEST1,4.451948855238807,0.4533151473562551
S-0.07_M20_I5,TRAIN2,126.54209478083577,0.5027308833727622
S-0.07_M20_I5,TEST2,2.1302716686605523,0.17236301052049696
