rule,final,cagr,maxdd,sqqq,cash
S-0.04_M5_I1,867472090.6999023,1.0639213697168697,-0.5705091675666196,0.012177650429799427,0.010744985673352435
S-0.04_M5_I2,862849156.1149346,1.0632590606293753,-0.57050916756662,0.01599808978032474,0.0069245463228271254
S-0.04_M10_I1,820126923.0476606,1.0569754952505965,-0.47120243791993566,0.011938872970391595,0.02650429799426934
S-0.04_M10_I2,707482932.5943868,1.0388022147604064,-0.47120243791993566,0.0164756446991404,0.021967526265520534
S-0.04_M15_I1,503734320.7727542,0.9976287069605383,-0.49586472545768223,0.012416427889207259,0.03533906399235912
S-0.04_M15_I2,460354127.7086437,0.986852797497078,-0.4852720100991642,0.017191977077363897,0.030563514804202482
S-0.04_M5_I3,456927668.3759294,0.9859614269128674,-0.5705091675666198,0.019102196752626553,0.0038204393505253103
S-0.04_M20_I1,386570525.18155634,0.9661155067511549,-0.4809600328848035,0.012177650429799427,0.03987583572110793
S-0.04_M5_I5,357253251.36224324,0.956823606374771,-0.5705091675666196,0.022206303724928367,0.0007163323782234957
S-0.04_M20_I2,347235082.5230359,0.9534834269775465,-0.47120243791993555,0.016953199617956063,0.03510028653295129
S-0.04_M10_I3,318433948.98861325,0.943350181817026,-0.47120243791993544,0.020773638968481375,0.01766953199617956
S-0.04_M5_I10,306609911.90765315,0.9389384413507944,-0.5705091675666196,0.022922636103151862,0.0
S-0.045_M5_I2,228209182.57592183,0.9048492494754699,-0.587557905235209,0.010983763132760267,0.0054918815663801334
S-0.04_M10_I5,223519429.35721287,0.9024750181723595,-0.47120243791993544,0.027698185291308502,0.010744985673352435
S-0.045_M10_I2,216408159.32071382,0.8987839985765658,-0.5875579052352091,0.01002865329512894,0.017191977077363897
S-0.04_M10_I10,211329869.10870066,0.8960777283284516,-0.47120243791993566,0.034383954154727794,0.004059216809933142
S-0.04_M15_I3,200101313.3736197,0.8898701241910052,-0.5020111390187123,0.021728748806112703,0.026026743075453676
S-0.045_M5_I1,160496706.2932263,0.864999791820334,-0.5875579052352092,0.007879656160458453,0.008595988538681949
S-0.045_M10_I1,149752189.07298836,0.8572539086205222,-0.5875579052352093,0.0071633237822349575,0.02005730659025788
S-0.045_M15_I2,147924117.1695505,0.8558842549165446,-0.5875579052352096,0.01002865329512894,0.023161413562559695
S-0.04_M20_I3,147806562.89119023,0.8557956357184657,-0.47120243791993555,0.02125119388729704,0.030802292263610316
S-0.04_M15_I5,142494860.48380414,0.8517206025244901,-0.5020111390187119,0.029369627507163324,0.018385864374403055
S-0.045_M5_I3,138549348.98100063,0.8486001922413047,-0.5875579052352089,0.013610315186246419,0.0028653295128939827
S-0.045_M5_I5,133856327.70705391,0.8447779502204011,-0.5875579052352091,0.01623686723973257,0.0002387774594078319
S-0.045_M10_I3,131644438.94899872,0.8429325967751515,-0.5875579052352093,0.012655205348615091,0.014565425023877745
S-0.04_M20_I5,129109609.98726034,0.8407816365251568,-0.48458584209871214,0.02865329512893983,0.023400191021967526
S-0.045_M5_I10,119459232.53480834,0.8322122330515189,-0.5875579052352091,0.0164756446991404,0.0
S-0.045_M10_I5,109698767.69017488,0.8228558487469921,-0.5875579052352089,0.017430754536771727,0.009789875835721109
S-0.045_M20_I2,100476479.13187958,0.8132665068623457,-0.5875579052352093,0.009312320916905445,0.022445081184336198
S-0.045_M15_I1,98653757.55576706,0.8112737085154105,-0.5875579052352093,0.0071633237822349575,0.026026743075453676
S-0.045_M10_I10,96602393.7876038,0.8089891136355345,-0.5875579052352091,0.023161413562559695,0.004059216809933142
S-0.045_M15_I3,89821547.18077302,0.8010985840430569,-0.5875579052352093,0.012655205348615091,0.020534861509073542
S-0.045_M15_I5,77145371.25956282,0.784715551270263,-0.5875579052352089,0.01790830945558739,0.015281757402101241
S-0.04_M15_I10,76106180.2197891,0.7832623207184148,-0.5663277388689902,0.04130850047755492,0.0064469914040114614
S-0.045_M20_I1,70850728.87152345,0.775614586707517,-0.5875579052352093,0.0066857688634192934,0.025071633237822348
S-0.045_M20_I3,59747285.248223625,0.7575285466339619,-0.5875579052352091,0.011700095510983763,0.02005730659025788
S-0.045_M20_I5,56553385.16939917,0.7517385331976476,-0.5875579052352089,0.0164756446991404,0.015281757402101241
S-0.05_M10_I2,51541981.35691123,0.7420028013319613,-0.5875579052352093,0.0057306590257879654,0.014804202483285577
S-0.045_M15_I10,48262668.35206812,0.7351380407140438,-0.6112790508621428,0.026026743075453676,0.0071633237822349575
S-0.04_M20_I10,46483269.672500856,0.7312273532422409,-0.4912698528808467,0.04274116523400191,0.009312320916905445
S-0.05_M10_I10,44920459.14297675,0.7276748205040027,-0.5875579052352096,0.015281757402101241,0.0052531041069723014
S-0.05_M5_I2,41619011.35443637,0.7197714382448888,-0.6748536413704025,0.0057306590257879654,0.0031041069723018147
S-0.05_M15_I2,36618280.35193522,0.7065991997533858,-0.5875579052352093,0.0057306590257879654,0.018147086914995225
S-0.05_M10_I1,36166095.24761998,0.7053259946207486,-0.587557905235209,0.004059216809933142,0.0164756446991404
S-0.05_M10_I5,35406919.01636659,0.7031543660773107,-0.5875579052352091,0.01002865329512894,0.010506208213944603
S-0.05_M10_I3,31145307.72113832,0.690085631389455,-0.5875579052352093,0.0071633237822349575,0.013371537726838587
S-0.05_M20_I2,29917519.099076826,0.6860077489950887,-0.5875579052352089,0.0057306590257879654,0.021012416427889206
S-0.05_M5_I5,29260249.13120433,0.683759635955907,-0.6564358307318472,0.008357211079274117,0.0004775549188156638
S-0.05_M15_I10,28171874.625846334,0.6799304497162428,-0.5875579052352093,0.01623686723973257,0.007640878701050621
S-0.045_M20_I10,27837282.540850744,0.678725295882455,-0.6024834753775754,0.025071633237822348,0.0066857688634192934
S-0.05_M5_I1,26853510.549120743,0.6751013413366624,-0.7087657085747913,0.004059216809933142,0.004775549188156638
S-0.05_M15_I1,25694398.62704353,0.6706677942843431,-0.6276181650278925,0.004059216809933142,0.019818529130850047
S-0.05_M15_I5,25155037.753815886,0.6685403008431403,-0.5875579052352091,0.01002865329512894,0.013849092645654251
S-0.05_M5_I10,24776000.1854057,0.6670193894481886,-0.6933883314276081,0.00883476599808978,0.0
S-0.05_M20_I10,23016717.035184793,0.6596607782329245,-0.5875579052352091,0.01623686723973257,0.010506208213944603
S-0.05_M5_I3,22802668.727423556,0.6587296523754507,-0.686313588114913,0.0069245463228271254,0.0019102196752626551
S-0.05_M15_I3,22127352.883127064,0.6557371686420719,-0.5989101383221451,0.0071633237822349575,0.016714422158548233
S-0.05_M20_I1,20992593.16046087,0.6505098839651251,-0.6190353731273834,0.004059216809933142,0.02268385864374403
S-0.05_M20_I5,20551929.67023136,0.6484080603920663,-0.5875579052352089,0.01002865329512894,0.016714422158548233
S-0.05_M20_I3,18078279.37660067,0.6357594079694424,-0.5896656733861929,0.0071633237822349575,0.019579751671442217
S-0.055_M10_I2,8575438.552608889,0.5641003327906817,-0.8165985037471982,0.0033428844317096467,0.00501432664756447
S-0.06_M10_I2,8575438.552608889,0.5641003327906817,-0.8165985037471982,0.0033428844317096467,0.00501432664756447
S-0.06_M5_I2,8312370.5191674,0.561175955444811,-0.8165985037471981,0.0033428844317096467,0.0009551098376313276
S-0.055_M5_I2,8312370.5191674,0.561175955444811,-0.8165985037471981,0.0033428844317096467,0.0009551098376313276
S-0.055_M15_I2,7248684.917412291,0.5483890800184836,-0.8165985037471987,0.0033428844317096467,0.007879656160458453
S-0.06_M15_I2,7248684.917412291,0.5483890800184836,-0.8165985037471987,0.0033428844317096467,0.007879656160458453
S-0.06_M20_I2,6198658.148002206,0.5339035372768766,-0.8165985037471981,0.0033428844317096467,0.009312320916905445
S-0.055_M20_I2,6198658.148002206,0.5339035372768766,-0.8165985037471981,0.0033428844317096467,0.009312320916905445
S-0.06_M10_I1,6050987.1268812185,0.5316836975004566,-0.8165985037471982,0.002387774594078319,0.0059694364851957974
S-0.055_M10_I1,6050987.1268812185,0.5316836975004566,-0.8165985037471982,0.002387774594078319,0.0059694364851957974
S-0.055_M5_I1,5865361.485220723,0.528819929101394,-0.8165985037471982,0.002387774594078319,0.0019102196752626551
S-0.06_M5_I1,5865361.485220723,0.528819929101394,-0.8165985037471982,0.002387774594078319,0.0019102196752626551
S-0.055_M10_I10,5480728.543195424,0.522604316860394,-0.8165985037471983,0.008118433619866285,0.0002387774594078319
S-0.06_M10_I10,5480728.543195424,0.522604316860394,-0.8165985037471983,0.008118433619866285,0.0002387774594078319
S-0.06_M10_I5,5216240.060265356,0.518087610125689,-0.8165985037471982,0.0054918815663801334,0.0028653295128939827
S-0.055_M10_I5,5216240.060265356,0.518087610125689,-0.8165985037471982,0.0054918815663801334,0.0028653295128939827
S-0.055_M15_I1,5114805.365695948,0.5162980670303523,-0.8165985037471983,0.002387774594078319,0.00883476599808978
S-0.06_M15_I1,5114805.365695948,0.5162980670303523,-0.8165985037471983,0.002387774594078319,0.00883476599808978
S-0.055_M5_I5,5097282.720797927,0.5159855522418606,-0.8165985037471981,0.004297994269340974,0.0
S-0.055_M5_I10,5097282.720797927,0.5159855522418606,-0.8165985037471981,0.004297994269340974,0.0
S-0.06_M5_I10,5097282.720797927,0.5159855522418606,-0.8165985037471981,0.004297994269340974,0.0
S-0.06_M5_I5,5097282.720797927,0.5159855522418606,-0.8165985037471981,0.004297994269340974,0.0
S-0.06_M10_I3,4784836.303354153,0.5102366389664164,-0.8165985037471984,0.004059216809933142,0.004297994269340974
S-0.055_M10_I3,4784836.303354153,0.5102366389664164,-0.8165985037471984,0.004059216809933142,0.004297994269340974
S-0.055_M5_I3,4697335.5445679305,0.5085633696610936,-0.8165985037471983,0.0038204393505253103,0.0004775549188156638
S-0.06_M5_I3,4697335.5445679305,0.5085633696610936,-0.8165985037471983,0.0038204393505253103,0.0004775549188156638
S-0.055_M15_I5,4409206.645057741,0.5028385511791502,-0.8165985037471983,0.0054918815663801334,0.0057306590257879654
S-0.06_M15_I5,4409206.645057741,0.5028385511791502,-0.8165985037471983,0.0054918815663801334,0.0057306590257879654
S-0.06_M20_I1,4373887.169430875,0.5021127432364636,-0.8165985037471981,0.002387774594078319,0.010267430754536771
S-0.055_M20_I1,4373887.169430875,0.5021127432364636,-0.8165985037471981,0.002387774594078319,0.010267430754536771
S-0.055_M15_I10,4089553.555062878,0.49606050416691194,-0.8165985037471982,0.009073543457497613,0.002148997134670487
S-0.06_M15_I10,4089553.555062878,0.49606050416691194,-0.8165985037471982,0.009073543457497613,0.002148997134670487
S-0.06_M15_I3,4044547.754803568,0.4950664423471878,-0.8165985037471983,0.004059216809933142,0.0071633237822349575
S-0.055_M15_I3,4044547.754803568,0.4950664423471878,-0.8165985037471983,0.004059216809933142,0.0071633237822349575
S-0.055_M20_I5,3770499.753818734,0.4887791443105738,-0.8165985037471981,0.0054918815663801334,0.0071633237822349575
S-0.06_M20_I5,3770499.753818734,0.4887791443105738,-0.8165985037471981,0.0054918815663801334,0.0071633237822349575
S-0.06_M20_I10,3497150.828681819,0.4820645075167147,-0.8165985037471982,0.009073543457497613,0.0035816618911174787
S-0.055_M20_I10,3497150.828681819,0.4820645075167147,-0.8165985037471982,0.009073543457497613,0.0035816618911174787
S-0.055_M20_I3,3458664.4585797824,0.48107974537829423,-0.8165985037471981,0.004059216809933142,0.008595988538681949
S-0.06_M20_I3,3458664.4585797824,0.48107974537829423,-0.8165985037471981,0.004059216809933142,0.008595988538681949
