strategy,final_balance,cagr,maxdd,cash
S-0.045_C10_MA0,6010219.906938167,0.5310619012230349,-0.7693803561433687,0.034383954154727794
S-0.05_C7_MA0,5851679.748027798,0.5286054946425469,-0.747389612185406,0.014565425023877745
S-0.05_C10_MA0,5682099.787947223,0.5259078091916434,-0.7146045172742083,0.01886341929321872
S-0.045_C3_MA0,4721403.811050508,0.5090265268533753,-0.7416488934068427,0.014804202483285577
S-0.05_C3_MA0,4616489.349775676,0.5069911081487029,-0.7500794002465914,0.008118433619866285
S-0.05_C5_MA0,4090829.305660294,0.4960885320693116,-0.7635930395553868,0.011461318051575931
S-0.045_C15_MA0,3447968.1354929092,0.4808042262426313,-0.7278580519909942,0.04632282712511939
S-0.045_C7_MA0,3294883.794537987,0.4767704440018681,-0.8279119332175207,0.026981852913085004
S-0.045_C5_MA0,3256537.6002481566,0.4757324443024573,-0.8028344828903359,0.021012416427889206
S-0.07_C3_MA0,3068464.1825179295,0.47046897610350924,-0.816598487136722,0.0014326647564469914
S-0.06_C3_MA0,2842950.0603643567,0.46374232332454834,-0.816598487136722,0.004059216809933142
S-0.055_C3_MA0,2842950.0603643567,0.46374232332454834,-0.816598487136722,0.004059216809933142
S-0.05_C15_MA0,2794231.3852047645,0.4622234250492485,-0.773547779728736,0.026026743075453676
S-0.06_C7_MA0,2719868.8675364875,0.45985634496522,-0.8165984871367218,0.0069245463228271254
S-0.055_C7_MA0,2719868.8675364875,0.45985634496522,-0.8165984871367218,0.0069245463228271254
S-0.04_C5_MA0,2533264.3415133227,0.4536374218782111,-0.7770448003459995,0.03414517669531996
S-0.07_C10_MA0,2528668.0047706035,0.45347886932221915,-0.8165984871367223,0.0031041069723018147
S-0.07_C5_MA0,2494342.453500605,0.45228615650068105,-0.8165984871367221,0.0019102196752626551
S-0.06_C10_MA0,2417231.8659034777,0.44954952143844973,-0.816598487136722,0.009073543457497613
S-0.055_C10_MA0,2417231.8659034777,0.44954952143844973,-0.816598487136722,0.009073543457497613
S-0.07_C7_MA0,2416172.43113725,0.44951135394324093,-0.8165984871367222,0.002387774594078319
S-0.04_C10_MA0,2204202.7610320942,0.44153928096254935,-0.7102632537808027,0.05515759312320917
S-0.045_C10_MA150,2195956.399694446,0.44121477902435835,-0.5290366615198379,0.16666666666666666
TQQQ_BH,2110450.292839237,0.43778081935762314,-0.8165984871367221,0.0
S-0.07_C15_MA0,2092426.1131410352,0.43704029799754696,-0.8165984871367223,0.004297994269340974
S-0.055_C5_MA0,2091888.5644970995,0.4370181209234334,-0.8165984871367222,0.0054918815663801334
S-0.06_C5_MA0,2091888.5644970995,0.4370181209234334,-0.8165984871367222,0.0054918815663801334
S-0.05_C7_MA150,1958523.2605814843,0.4313433383086427,-0.5290366615198379,0.15998089780324737
S-0.05_C5_MA150,1902216.34450403,0.42883762921677393,-0.5290366615198379,0.15926456542502387
S-0.05_C10_MA150,1894047.238562508,0.42846831944086494,-0.5290366615198379,0.16069723018147086
S-0.045_C5_MA150,1857216.7739901422,0.42678447000031516,-0.5290366615198379,0.16260744985673353
S-0.04_C15_MA0,1804253.0134404884,0.4243071623752115,-0.6084077585998767,0.07211079274116523
S-0.04_C3_MA0,1775778.1122251786,0.42294688965053595,-0.7607454429477668,0.024594078319006684
S-0.05_C15_MA150,1772926.4725951464,0.42280953675045474,-0.5290366615198379,0.16189111747851004
S-0.045_C7_MA150,1724820.3348693585,0.42046059227014365,-0.5290366615198379,0.16427889207258833
S-0.04_C5_MA150,1714039.052232599,0.4199257200241009,-0.5290366615198379,0.16523400191021967
S-0.06_C15_MA0,1600451.1173553227,0.41408989289531517,-0.8165984871367219,0.012655205348615091
S-0.055_C15_MA0,1600451.1173553227,0.41408989289531517,-0.8165984871367219,0.012655205348615091
S-0.055_C7_MA150,1569099.3353291762,0.41241053619088763,-0.5290366615198379,0.1563992359121299
S-0.06_C7_MA150,1569099.3353291762,0.41241053619088763,-0.5290366615198379,0.1563992359121299
S-0.06_C10_MA150,1569099.3353291762,0.41241053619088763,-0.5290366615198379,0.1563992359121299
S-0.06_C5_MA150,1569099.3353291762,0.41241053619088763,-0.5290366615198379,0.1563992359121299
S-0.055_C10_MA150,1569099.3353291762,0.41241053619088763,-0.5290366615198379,0.1563992359121299
S-0.055_C3_MA150,1569099.3353291762,0.41241053619088763,-0.5290366615198379,0.1563992359121299
S-0.055_C5_MA150,1569099.3353291762,0.41241053619088763,-0.5290366615198379,0.1563992359121299
S-0.06_C3_MA150,1569099.3353291762,0.41241053619088763,-0.5290366615198379,0.1563992359121299
S-0.06_C15_MA150,1569099.3353291762,0.41241053619088763,-0.5290366615198379,0.1563992359121299
S-0.055_C15_MA150,1569099.3353291762,0.41241053619088763,-0.5290366615198379,0.1563992359121299
S-0.04_C7_MA0,1532688.3889463549,0.41042013867505633,-0.783345201407519,0.04297994269340974
S-0.05_C3_MA150,1494128.356657108,0.4082632080189894,-0.5685822132348548,0.15830945558739254
S-0.04_C7_MA150,1444215.048544277,0.4053921527512778,-0.5290366615198379,0.16809933142311365
S-0.04_C10_MA150,1412230.265977727,0.40350291631918966,-0.5290366615198379,0.1728748806112703
S-0.045_C3_MA150,1361196.3119871272,0.4004035697731432,-0.5685822132348548,0.16069723018147086
S-0.045_C15_MA150,1352224.1849969027,0.39984741961095693,-0.5290366615198379,0.17024832855778416
S-0.07_C15_MA150,1180760.4529791344,0.38849305046382887,-0.5856038540297606,0.15616045845272206
S-0.07_C3_MA150,1180760.4529791344,0.38849305046382887,-0.5856038540297606,0.15616045845272206
S-0.07_C10_MA150,1180760.4529791344,0.38849305046382887,-0.5856038540297606,0.15616045845272206
S-0.07_C5_MA150,1180760.4529791344,0.38849305046382887,-0.5856038540297606,0.15616045845272206
S-0.07_C7_MA150,1180760.4529791344,0.38849305046382887,-0.5856038540297606,0.15616045845272206
S-0.04_C3_MA150,1161133.1932442456,0.3870958040958177,-0.5685822132348548,0.16189111747851004
S-0.045_C10_MA200,1094222.7742564701,0.3821597045976275,-0.5934215688572593,0.15401146131805157
S-0.05_C7_MA200,942085.27746942,0.3697872697668281,-0.5934215688572593,0.14708691499522444
S-0.05_C5_MA200,915000.6276600849,0.36738932070462926,-0.5934215688572593,0.14637058261700095
S-0.05_C10_MA200,911071.1392580394,0.3670358933919078,-0.5934215688572593,0.14780324737344794
S-0.045_C5_MA200,893355.0165372471,0.3654244592473965,-0.5934215688572593,0.1497134670487106
S-0.045_C7_MA200,859460.4574923851,0.3622559393498215,-0.5934215688572593,0.15162368672397325
S-0.04_C15_MA150,853335.2927162201,0.36167084662785864,-0.5290366615198379,0.18003820439350526
S-0.05_C15_MA200,852809.8498926061,0.36162047119078844,-0.5934215688572593,0.1489971346704871
S-0.04_C5_MA200,766611.8229200426,0.35293366217863475,-0.5924042084277553,0.15329512893982808
S-0.06_C7_MA200,754765.2930411369,0.35166868799275797,-0.5934215688572593,0.14350525310410697
S-0.055_C3_MA200,754765.2930411369,0.35166868799275797,-0.5934215688572593,0.14350525310410697
S-0.06_C10_MA200,754765.2930411369,0.35166868799275797,-0.5934215688572593,0.14350525310410697
S-0.06_C15_MA200,754765.2930411369,0.35166868799275797,-0.5934215688572593,0.14350525310410697
S-0.055_C10_MA200,754765.2930411369,0.35166868799275797,-0.5934215688572593,0.14350525310410697
S-0.055_C7_MA200,754765.2930411369,0.35166868799275797,-0.5934215688572593,0.14350525310410697
S-0.055_C15_MA200,754765.2930411369,0.35166868799275797,-0.5934215688572593,0.14350525310410697
S-0.06_C5_MA200,754765.2930411369,0.35166868799275797,-0.5934215688572593,0.14350525310410697
S-0.055_C5_MA200,754765.2930411369,0.35166868799275797,-0.5934215688572593,0.14350525310410697
S-0.06_C3_MA200,754765.2930411369,0.35166868799275797,-0.5934215688572593,0.14350525310410697
S-0.05_C3_MA200,718702.8899714568,0.3476997189960358,-0.5934215688572593,0.14541547277936961
S-0.045_C15_MA200,704858.4566086994,0.34612610802576604,-0.5934215688572593,0.15783190066857689
S-0.04_C10_MA200,692812.0689075845,0.34473305087639705,-0.5985192889792491,0.16212989493791785
S-0.045_C3_MA200,654760.1609224732,0.3401780907982517,-0.5934215688572593,0.14780324737344794
S-0.04_C7_MA200,641684.5695828951,0.3385552843856112,-0.5924042084277553,0.1571155682903534
S-0.07_C3_MA200,567967.2339656048,0.3287797929269043,-0.5934215688572593,0.14326647564469913
S-0.07_C15_MA200,567967.2339656048,0.3287797929269043,-0.5934215688572593,0.14326647564469913
S-0.07_C10_MA200,567967.2339656048,0.3287797929269043,-0.5934215688572593,0.14326647564469913
S-0.07_C5_MA200,567967.2339656048,0.3287797929269043,-0.5934215688572593,0.14326647564469913
S-0.07_C7_MA200,567967.2339656048,0.3287797929269043,-0.5934215688572593,0.14326647564469913
S-0.04_C3_MA200,496920.9803894956,0.31815698720923247,-0.6143427252499275,0.14947468958930277
S-0.04_C15_MA200,437926.0868249689,0.30818879497547536,-0.5924042084277553,0.16953199617956066
S-0.05_C7_MA50,215084.25880245835,0.25349639550301517,-0.4589701532443091,0.2810410697230181
S-0.045_C10_MA50,208218.26094103474,0.25105613534296745,-0.4589701532443091,0.28653295128939826
S-0.05_C10_MA50,205193.10705121272,0.24995686641597503,-0.4589701532443091,0.281279847182426
S-0.05_C15_MA50,205193.10705121272,0.24995686641597503,-0.4589701532443091,0.281279847182426
S-0.05_C3_MA50,189079.94550055568,0.24383195729769924,-0.4589701532443091,0.28032473734479463
S-0.05_C5_MA50,189079.92569663594,0.2438319494727299,-0.4589701532443091,0.2805635148042025
S-0.04_C5_MA50,188353.65651038202,0.24354446503058402,-0.4589701532443091,0.28533906399235914
S-0.045_C5_MA50,184606.97735207522,0.24204463300053902,-0.4589701532443091,0.28390639923591215
S-0.04_C3_MA50,182021.69358264175,0.2409929436390872,-0.4589701532443091,0.2829512893982808
S-0.04_C10_MA50,181252.59114280602,0.24067736362955738,-0.4589701532443091,0.2915472779369627
S-0.045_C3_MA50,180843.31877988362,0.2405089165149652,-0.4589701532443091,0.28247373447946517
S-0.045_C7_MA50,171488.5731168253,0.23655766527408484,-0.4589701532443091,0.2851002865329513
S-0.045_C10_MA100,169774.24687988637,0.23581166891800143,-0.5733141642911912,0.22086914995224452
S-0.07_C15_MA50,165175.0823017428,0.233774784005784,-0.516473727029741,0.2793696275071633
S-0.07_C5_MA50,165175.0823017428,0.233774784005784,-0.516473727029741,0.2793696275071633
S-0.07_C10_MA50,165175.0823017428,0.233774784005784,-0.516473727029741,0.2793696275071633
S-0.06_C10_MA50,165175.0823017428,0.233774784005784,-0.516473727029741,0.2793696275071633
S-0.06_C15_MA50,165175.0823017428,0.233774784005784,-0.516473727029741,0.2793696275071633
S-0.07_C7_MA50,165175.0823017428,0.233774784005784,-0.516473727029741,0.2793696275071633
S-0.06_C7_MA50,165175.0823017428,0.233774784005784,-0.516473727029741,0.2793696275071633
S-0.06_C5_MA50,165175.0823017428,0.233774784005784,-0.516473727029741,0.2793696275071633
S-0.06_C3_MA50,165175.0823017428,0.233774784005784,-0.516473727029741,0.2793696275071633
S-0.055_C10_MA50,165175.0823017428,0.233774784005784,-0.516473727029741,0.2793696275071633
S-0.055_C15_MA50,165175.0823017428,0.233774784005784,-0.516473727029741,0.2793696275071633
S-0.055_C3_MA50,165175.0823017428,0.233774784005784,-0.516473727029741,0.2793696275071633
S-0.055_C7_MA50,165175.0823017428,0.233774784005784,-0.516473727029741,0.2793696275071633
S-0.055_C5_MA50,165175.0823017428,0.233774784005784,-0.516473727029741,0.2793696275071633
S-0.07_C3_MA50,165175.0823017428,0.233774784005784,-0.516473727029741,0.2793696275071633
S-0.04_C7_MA50,161015.09863307097,0.2318859545576908,-0.4589701532443091,0.2874880611270296
S-0.05_C7_MA100,156573.47034040777,0.2298179256977111,-0.5733141642911908,0.21442215854823304
S-0.05_C10_MA100,151418.9568738381,0.2273476939610748,-0.5733141642911913,0.21513849092645654
S-0.045_C15_MA50,151348.94499654853,0.22731360068814221,-0.4589701532443091,0.28939828080229224
S-0.05_C15_MA100,141735.99878011303,0.22248563731538074,-0.5733141642911912,0.2163323782234957
S-0.045_C7_MA100,137890.1700988823,0.2204674115333196,-0.5733141642911912,0.218720152817574
S-0.05_C5_MA100,137643.26735420895,0.22033604045845312,-0.5733141642911913,0.2139446036294174
S-0.04_C15_MA50,135230.55802063385,0.2190405074954349,-0.4589701532443091,0.29847182425978985
S-0.045_C5_MA100,134387.12462735083,0.2185824862844794,-0.573314164291191,0.21728748806112702
S-0.04_C10_MA100,127222.15508870779,0.21457884128452265,-0.5723129468413238,0.22636103151862463
S-0.04_C5_MA100,118034.54558199232,0.20912278844741672,-0.5733141642911915,0.2191977077363897
S-0.04_C7_MA100,111452.61158816749,0.20496289951037516,-0.5733141642911913,0.22158548233046801
S-0.05_C3_MA100,108114.25811320168,0.20276391946595695,-0.591237622325647,0.21298949379178606
S-0.045_C15_MA100,104543.44296296564,0.20034001943213164,-0.5733141642911912,0.224450811843362
S-0.045_C3_MA100,98495.37274439656,0.19605119044745445,-0.591237622325647,0.21537726838586438
S-0.055_C3_MA100,89283.58885769144,0.18901786886591188,-0.6135791783105295,0.2117956064947469
S-0.06_C10_MA100,89283.58885769144,0.18901786886591188,-0.6135791783105295,0.2117956064947469
S-0.06_C7_MA100,89283.58885769144,0.18901786886591188,-0.6135791783105295,0.2117956064947469
S-0.055_C5_MA100,89283.58885769144,0.18901786886591188,-0.6135791783105295,0.2117956064947469
S-0.06_C5_MA100,89283.58885769144,0.18901786886591188,-0.6135791783105295,0.2117956064947469
S-0.055_C10_MA100,89283.58885769144,0.18901786886591188,-0.6135791783105295,0.2117956064947469
S-0.055_C7_MA100,89283.58885769144,0.18901786886591188,-0.6135791783105295,0.2117956064947469
S-0.055_C15_MA100,89283.58885769144,0.18901786886591188,-0.6135791783105295,0.2117956064947469
S-0.06_C3_MA100,89283.58885769144,0.18901786886591188,-0.6135791783105295,0.2117956064947469
S-0.07_C5_MA100,89283.58885769144,0.18901786886591188,-0.6135791783105295,0.2117956064947469
S-0.07_C7_MA100,89283.58885769144,0.18901786886591188,-0.6135791783105295,0.2117956064947469
S-0.06_C15_MA100,89283.58885769144,0.18901786886591188,-0.6135791783105295,0.2117956064947469
S-0.07_C3_MA100,89283.58885769144,0.18901786886591188,-0.6135791783105295,0.2117956064947469
S-0.07_C10_MA100,89283.58885769144,0.18901786886591188,-0.6135791783105295,0.2117956064947469
S-0.07_C15_MA100,89283.58885769144,0.18901786886591188,-0.6135791783105295,0.2117956064947469
S-0.04_C3_MA100,85341.84683378346,0.18579754696110728,-0.6051026982872941,0.2163323782234957
S-0.04_C15_MA100,79644.6817808346,0.18088690829349052,-0.5570580574988052,0.23328557784145176
