rule,final,cagr,maxdd,cash
S-0.05_mom10,4557665.172106284,0.5058307703979581,-0.7395753961481604,0.020534861509073542
S-0.04_mom10,3113287.0157228047,0.4717503788061099,-0.7682534197057286,0.03844317096466093
S-0.05_mom20,2651711.734302412,0.45763274374156504,-0.7633395036146062,0.026743075453677174
S-0.07_mom5,2564548.078135369,0.4547094387589288,-0.8165985090365578,0.0011938872970391596
S-0.06_mom10,2548700.204960741,0.45416791673596535,-0.8165985090365581,0.008357211079274117
S-0.05_mom5,2539201.9421072835,0.45384184210056144,-0.8015554399981765,0.00883476599808978
S-0.07_mom10,2416171.604967066,0.44951132417326356,-0.8165985090365578,0.002387774594078319
S-0.05_above50ma,2242250.0454801824,0.4430218519880851,-0.7262039220773866,0.04035339063992359
S-0.04_above50ma,2221515.6978186434,0.4422168646188178,-0.7051774349993525,0.07473734479465138
S-0.05_above20high,2166081.8070242773,0.4400295163792791,-0.7604218517156368,0.03319006685768863
S-0.04_immediate,2110450.292839222,0.4377808193576225,-0.8165985090365581,0.0
S-0.06_immediate,2110450.292839222,0.4377808193576225,-0.8165985090365581,0.0
TQQQ_BH,2110450.292839222,0.4377808193576225,-0.8165985090365581,0.0
S-0.07_immediate,2110450.292839222,0.4377808193576225,-0.8165985090365581,0.0
S-0.05_immediate,2110450.292839222,0.4377808193576225,-0.8165985090365581,0.0
S-0.06_mom5,2086087.693943883,0.4367784591716648,-0.816598509036558,0.004297994269340974
S-0.07_mom20,1972270.6463020379,0.431944819271856,-0.816598509036558,0.004059216809933142
S-0.07_above200ma,1971212.4610480624,0.43189866135180655,-0.8165985090365582,0.004536771728748806
S-0.07_above20high,1971212.4610480624,0.43189866135180655,-0.8165985090365582,0.004536771728748806
S-0.07_above50ma,1810046.3144482868,0.42458144167805467,-0.816598509036558,0.0052531041069723014
S-0.07_above100ma,1810046.3144482868,0.42458144167805467,-0.816598509036558,0.0052531041069723014
S-0.05_above200ma,1740631.6716977942,0.4212393549752784,-0.630039576980232,0.06088825214899714
S-0.04_mom20,1706331.826797318,0.41954141358448305,-0.7419228733434393,0.05205348615090735
S-0.06_mom20,1631769.7910255177,0.4157368828188581,-0.816598509036558,0.012655205348615091
S-0.04_above20high,1504867.484750228,0.4088691310760524,-0.7533007048205087,0.08763132760267431
S-0.04_mom5,1387951.4956961945,0.4020418035904365,-0.8108142035650471,0.022922636103151862
S-0.06_above20high,1344049.0208943326,0.3993376420181245,-0.8165985090365577,0.013610315186246419
S-0.04_above200ma,1265841.0490201265,0.39430790929101,-0.6335327263210215,0.06996179560649475
S-0.06_above50ma,1192655.9200500986,0.38932929034579833,-0.816598509036558,0.0164756446991404
S-0.05_above100ma,1177798.1262514235,0.38828357040718786,-0.7835445965901029,0.04608404966571156
S-0.06_above100ma,1030111.9106357035,0.377156401759831,-0.816598509036558,0.018385864374403055
S-0.04_above100ma,975697.3176494204,0.37267459451684704,-0.8002911387157028,0.08715377268385864
S-0.06_above200ma,890917.4623593161,0.36520039599802767,-0.8165985090365578,0.017191977077363897
