rule,final,cagr,maxdd,inverse_pct
S-0.05_C10,6877522.64476879,0.5435084244392552,-0.6092106495208025,0.01886341929321872
S-0.05_C7,5179089.90057032,0.517436022110322,-0.7202735900027095,0.014565425023877745
S-0.045_INV1,4936654.930006963,0.5130727626572746,-0.8128109210571988,0.008357211079274117
S-0.045_INV1,4936654.930006963,0.5130727626572746,-0.8128109210571988,0.008357211079274117
S-0.045_C1,4936654.930006963,0.5130727626572746,-0.8128109210571988,0.008357211079274117
S-0.045_INV1,4936654.930006963,0.5130727626572746,-0.8128109210571988,0.008357211079274117
S-0.045_INV1,4936654.930006963,0.5130727626572746,-0.8128109210571988,0.008357211079274117
S-0.045_INV1,4936654.930006963,0.5130727626572746,-0.8128109210571988,0.008357211079274117
S-0.045_INV1,4936654.930006963,0.5130727626572746,-0.8128109210571988,0.008357211079274117
S-0.045_INV1,4936654.930006963,0.5130727626572746,-0.8128109210571988,0.008357211079274117
S-0.05_C1,4270669.243695216,0.49995961767148556,-0.8128109210571988,0.004536771728748806
S-0.05_INV1,4270669.243695216,0.49995961767148556,-0.8128109210571988,0.004536771728748806
S-0.05_INV1,4270669.243695216,0.49995961767148556,-0.8128109210571988,0.004536771728748806
S-0.05_INV1,4270669.243695216,0.49995961767148556,-0.8128109210571988,0.004536771728748806
S-0.05_INV1,4270669.243695216,0.49995961767148556,-0.8128109210571988,0.004536771728748806
S-0.05_INV1,4270669.243695216,0.49995961767148556,-0.8128109210571988,0.004536771728748806
S-0.05_INV1,4270669.243695216,0.49995961767148556,-0.8128109210571988,0.004536771728748806
S-0.05_INV1,4270669.243695216,0.49995961767148556,-0.8128109210571988,0.004536771728748806
S-0.04_INV1,4079109.159672699,0.49583073402155486,-0.8087008976097201,0.013849092645654251
S-0.04_INV1,4079109.159672699,0.49583073402155486,-0.8087008976097201,0.013849092645654251
S-0.04_INV1,4079109.159672699,0.49583073402155486,-0.8087008976097201,0.013849092645654251
S-0.04_C1,4079109.159672699,0.49583073402155486,-0.8087008976097201,0.013849092645654251
S-0.04_INV1,4079109.159672699,0.49583073402155486,-0.8087008976097201,0.013849092645654251
S-0.04_INV1,4079109.159672699,0.49583073402155486,-0.8087008976097201,0.013849092645654251
S-0.04_INV1,4079109.159672699,0.49583073402155486,-0.8087008976097201,0.013849092645654251
S-0.04_INV1,4079109.159672699,0.49583073402155486,-0.8087008976097201,0.013849092645654251
S-0.05_INV3,4000468.917705112,0.49408272502397566,-0.7083079521094081,0.008118433619866285
S-0.05_C3,4000468.917705112,0.49408272502397566,-0.7083079521094081,0.008118433619866285
S-0.05_INV3,4000468.917705112,0.49408272502397566,-0.7083079521094081,0.008118433619866285
S-0.05_INV3,4000468.917705112,0.49408272502397566,-0.7083079521094081,0.008118433619866285
S-0.05_INV3,4000468.917705112,0.49408272502397566,-0.7083079521094081,0.008118433619866285
S-0.05_INV3,4000468.917705112,0.49408272502397566,-0.7083079521094081,0.008118433619866285
S-0.05_INV3,4000468.917705112,0.49408272502397566,-0.7083079521094081,0.008118433619866285
S-0.05_INV3,4000468.917705112,0.49408272502397566,-0.7083079521094081,0.008118433619866285
S-0.045_INV3,3529287.2656099745,0.4828790189097101,-0.6962614245834158,0.014804202483285577
S-0.045_INV3,3529287.2656099745,0.4828790189097101,-0.6962614245834158,0.014804202483285577
S-0.045_C3,3529287.2656099745,0.4828790189097101,-0.6962614245834158,0.014804202483285577
S-0.045_INV3,3529287.2656099745,0.4828790189097101,-0.6962614245834158,0.014804202483285577
S-0.045_INV3,3529287.2656099745,0.4828790189097101,-0.6962614245834158,0.014804202483285577
S-0.045_INV3,3529287.2656099745,0.4828790189097101,-0.6962614245834158,0.014804202483285577
S-0.045_INV3,3529287.2656099745,0.4828790189097101,-0.6962614245834158,0.014804202483285577
S-0.045_INV3,3529287.2656099745,0.4828790189097101,-0.6962614245834158,0.014804202483285577
S-0.045_C10,3117350.6968283397,0.47186569321264793,-0.777824010012399,0.034383954154727794
S-0.05_INV5,2519517.2257241146,0.45316240123798557,-0.7212091590606208,0.011461318051575931
S-0.05_INV5,2519517.2257241146,0.45316240123798557,-0.7212091590606208,0.011461318051575931
S-0.05_INV5,2519517.2257241146,0.45316240123798557,-0.7212091590606208,0.011461318051575931
S-0.05_C5,2519517.2257241146,0.45316240123798557,-0.7212091590606208,0.011461318051575931
S-0.05_INV5,2519517.2257241146,0.45316240123798557,-0.7212091590606208,0.011461318051575931
S-0.05_INV5,2519517.2257241146,0.45316240123798557,-0.7212091590606208,0.011461318051575931
S-0.05_INV5,2519517.2257241146,0.45316240123798557,-0.7212091590606208,0.011461318051575931
S-0.05_INV5,2519517.2257241146,0.45316240123798557,-0.7212091590606208,0.011461318051575931
S-0.07_INV3,2351246.631465407,0.4471417681064034,-0.8165985203576708,0.0014326647564469914
S-0.07_INV3,2351246.631465407,0.4471417681064034,-0.8165985203576708,0.0014326647564469914
S-0.07_INV3,2351246.631465407,0.4471417681064034,-0.8165985203576708,0.0014326647564469914
S-0.07_INV3,2351246.631465407,0.4471417681064034,-0.8165985203576708,0.0014326647564469914
S-0.07_INV3,2351246.631465407,0.4471417681064034,-0.8165985203576708,0.0014326647564469914
S-0.07_C3,2351246.631465407,0.4471417681064034,-0.8165985203576708,0.0014326647564469914
S-0.07_INV3,2351246.631465407,0.4471417681064034,-0.8165985203576708,0.0014326647564469914
S-0.07_INV3,2351246.631465407,0.4471417681064034,-0.8165985203576708,0.0014326647564469914
TQQQ_BH,2182579.977638268,0.44068596058890086,-0.8165985203576711,0.0
S-0.035_INV1,1999077.8253759623,0.4331064479097053,-0.780868156657375,0.022445081184336198
S-0.035_INV1,1999077.8253759623,0.4331064479097053,-0.780868156657375,0.022445081184336198
S-0.035_INV1,1999077.8253759623,0.4331064479097053,-0.780868156657375,0.022445081184336198
S-0.035_INV1,1999077.8253759623,0.4331064479097053,-0.780868156657375,0.022445081184336198
S-0.035_INV1,1999077.8253759623,0.4331064479097053,-0.780868156657375,0.022445081184336198
S-0.035_C1,1999077.8253759623,0.4331064479097053,-0.780868156657375,0.022445081184336198
S-0.035_INV1,1999077.8253759623,0.4331064479097053,-0.780868156657375,0.022445081184336198
S-0.035_INV1,1999077.8253759623,0.4331064479097053,-0.780868156657375,0.022445081184336198
S-0.07_C1,1951548.9184667133,0.4310366752636863,-0.8165985203576711,0.0009551098376313276
S-0.07_INV1,1951548.9184667133,0.4310366752636863,-0.8165985203576711,0.0009551098376313276
S-0.07_INV1,1951548.9184667133,0.4310366752636863,-0.8165985203576711,0.0009551098376313276
S-0.07_INV1,1951548.9184667133,0.4310366752636863,-0.8165985203576711,0.0009551098376313276
S-0.07_INV1,1951548.9184667133,0.4310366752636863,-0.8165985203576711,0.0009551098376313276
S-0.07_INV1,1951548.9184667133,0.4310366752636863,-0.8165985203576711,0.0009551098376313276
S-0.07_INV1,1951548.9184667133,0.4310366752636863,-0.8165985203576711,0.0009551098376313276
S-0.07_INV1,1951548.9184667133,0.4310366752636863,-0.8165985203576711,0.0009551098376313276
S-0.055_INV1,1940125.8546558295,0.43053216880979295,-0.8165985203576711,0.002387774594078319
S-0.055_INV1,1940125.8546558295,0.43053216880979295,-0.8165985203576711,0.002387774594078319
S-0.06_INV1,1940125.8546558295,0.43053216880979295,-0.8165985203576711,0.002387774594078319
S-0.06_INV1,1940125.8546558295,0.43053216880979295,-0.8165985203576711,0.002387774594078319
S-0.06_INV1,1940125.8546558295,0.43053216880979295,-0.8165985203576711,0.002387774594078319
S-0.055_INV1,1940125.8546558295,0.43053216880979295,-0.8165985203576711,0.002387774594078319
S-0.055_INV1,1940125.8546558295,0.43053216880979295,-0.8165985203576711,0.002387774594078319
S-0.055_INV1,1940125.8546558295,0.43053216880979295,-0.8165985203576711,0.002387774594078319
S-0.055_C1,1940125.8546558295,0.43053216880979295,-0.8165985203576711,0.002387774594078319
S-0.06_INV1,1940125.8546558295,0.43053216880979295,-0.8165985203576711,0.002387774594078319
S-0.06_INV1,1940125.8546558295,0.43053216880979295,-0.8165985203576711,0.002387774594078319
S-0.06_INV1,1940125.8546558295,0.43053216880979295,-0.8165985203576711,0.002387774594078319
S-0.06_INV1,1940125.8546558295,0.43053216880979295,-0.8165985203576711,0.002387774594078319
S-0.055_INV1,1940125.8546558295,0.43053216880979295,-0.8165985203576711,0.002387774594078319
S-0.06_C1,1940125.8546558295,0.43053216880979295,-0.8165985203576711,0.002387774594078319
S-0.055_INV1,1940125.8546558295,0.43053216880979295,-0.8165985203576711,0.002387774594078319
S-0.06_INV3,1836579.1923558484,0.42582716952340816,-0.8165985203576712,0.004059216809933142
S-0.055_INV3,1836579.1923558484,0.42582716952340816,-0.8165985203576712,0.004059216809933142
S-0.055_INV3,1836579.1923558484,0.42582716952340816,-0.8165985203576712,0.004059216809933142
S-0.06_INV3,1836579.1923558484,0.42582716952340816,-0.8165985203576712,0.004059216809933142
S-0.06_INV3,1836579.1923558484,0.42582716952340816,-0.8165985203576712,0.004059216809933142
S-0.06_INV3,1836579.1923558484,0.42582716952340816,-0.8165985203576712,0.004059216809933142
S-0.055_INV3,1836579.1923558484,0.42582716952340816,-0.8165985203576712,0.004059216809933142
S-0.055_INV3,1836579.1923558484,0.42582716952340816,-0.8165985203576712,0.004059216809933142
S-0.06_INV3,1836579.1923558484,0.42582716952340816,-0.8165985203576712,0.004059216809933142
S-0.055_C3,1836579.1923558484,0.42582716952340816,-0.8165985203576712,0.004059216809933142
S-0.055_INV3,1836579.1923558484,0.42582716952340816,-0.8165985203576712,0.004059216809933142
S-0.055_INV3,1836579.1923558484,0.42582716952340816,-0.8165985203576712,0.004059216809933142
S-0.055_INV3,1836579.1923558484,0.42582716952340816,-0.8165985203576712,0.004059216809933142
S-0.06_INV3,1836579.1923558484,0.42582716952340816,-0.8165985203576712,0.004059216809933142
S-0.06_C3,1836579.1923558484,0.42582716952340816,-0.8165985203576712,0.004059216809933142
S-0.06_INV3,1836579.1923558484,0.42582716952340816,-0.8165985203576712,0.004059216809933142
S-0.07_INV5,1493114.5480245203,0.4082057956244751,-0.8165985203576711,0.0019102196752626551
S-0.07_INV5,1493114.5480245203,0.4082057956244751,-0.8165985203576711,0.0019102196752626551
S-0.07_INV5,1493114.5480245203,0.4082057956244751,-0.8165985203576711,0.0019102196752626551
S-0.07_INV5,1493114.5480245203,0.4082057956244751,-0.8165985203576711,0.0019102196752626551
S-0.07_INV5,1493114.5480245203,0.4082057956244751,-0.8165985203576711,0.0019102196752626551
S-0.07_INV5,1493114.5480245203,0.4082057956244751,-0.8165985203576711,0.0019102196752626551
S-0.07_C5,1493114.5480245203,0.4082057956244751,-0.8165985203576711,0.0019102196752626551
S-0.07_INV5,1493114.5480245203,0.4082057956244751,-0.8165985203576711,0.0019102196752626551
S-0.045_C20,1437771.4067065865,0.4050147330206024,-0.6627170767494057,0.05730659025787966
S-0.045_C7,1377259.4662266294,0.4013907160840575,-0.8606258721890717,0.026981852913085004
S-0.05_C15,1369419.0961374352,0.40091025313923745,-0.7564010063231057,0.026026743075453676
S-0.05_C20,1295598.1397675385,0.39625520971982,-0.7308441047757408,0.03319006685768863
S-0.055_C7,1204709.5447506774,0.3901686897387122,-0.8165985203576711,0.0069245463228271254
S-0.06_C7,1204709.5447506774,0.3901686897387122,-0.8165985203576711,0.0069245463228271254
S-0.07_C10,1166524.3358722948,0.3874817928125309,-0.8165985203576713,0.0031041069723018147
S-0.07_C7,1123722.0193710336,0.38436992832118455,-0.816598520357671,0.002387774594078319
S-0.06_C10,1069665.299455049,0.38027659764732435,-0.8165985203576712,0.009073543457497613
S-0.055_C10,1069665.299455049,0.38027659764732435,-0.8165985203576712,0.009073543457497613
S-0.055_INV5,971828.2349534688,0.3723470378754259,-0.8165985203576711,0.0054918815663801334
S-0.055_INV5,971828.2349534688,0.3723470378754259,-0.8165985203576711,0.0054918815663801334
S-0.055_INV5,971828.2349534688,0.3723470378754259,-0.8165985203576711,0.0054918815663801334
S-0.055_C5,971828.2349534688,0.3723470378754259,-0.8165985203576711,0.0054918815663801334
S-0.06_INV5,971828.2349534688,0.3723470378754259,-0.8165985203576711,0.0054918815663801334
S-0.055_INV5,971828.2349534688,0.3723470378754259,-0.8165985203576711,0.0054918815663801334
S-0.06_INV5,971828.2349534688,0.3723470378754259,-0.8165985203576711,0.0054918815663801334
S-0.06_INV5,971828.2349534688,0.3723470378754259,-0.8165985203576711,0.0054918815663801334
S-0.06_INV5,971828.2349534688,0.3723470378754259,-0.8165985203576711,0.0054918815663801334
S-0.055_INV5,971828.2349534688,0.3723470378754259,-0.8165985203576711,0.0054918815663801334
S-0.06_INV5,971828.2349534688,0.3723470378754259,-0.8165985203576711,0.0054918815663801334
S-0.06_C5,971828.2349534688,0.3723470378754259,-0.8165985203576711,0.0054918815663801334
S-0.06_INV5,971828.2349534688,0.3723470378754259,-0.8165985203576711,0.0054918815663801334
S-0.055_INV5,971828.2349534688,0.3723470378754259,-0.8165985203576711,0.0054918815663801334
S-0.055_INV5,971828.2349534688,0.3723470378754259,-0.8165985203576711,0.0054918815663801334
S-0.06_INV5,971828.2349534688,0.3723470378754259,-0.8165985203576711,0.0054918815663801334
S-0.045_INV5,966986.899330728,0.371935439432723,-0.792598335890722,0.021012416427889206
S-0.045_C5,966986.899330728,0.371935439432723,-0.792598335890722,0.021012416427889206
S-0.045_INV5,966986.899330728,0.371935439432723,-0.792598335890722,0.021012416427889206
S-0.045_INV5,966986.899330728,0.371935439432723,-0.792598335890722,0.021012416427889206
S-0.045_INV5,966986.899330728,0.371935439432723,-0.792598335890722,0.021012416427889206
S-0.045_INV5,966986.899330728,0.371935439432723,-0.792598335890722,0.021012416427889206
S-0.045_INV5,966986.899330728,0.371935439432723,-0.792598335890722,0.021012416427889206
S-0.045_INV5,966986.899330728,0.371935439432723,-0.792598335890722,0.021012416427889206
S-0.07_C15,942625.9785677152,0.3698344780564031,-0.8165985203576711,0.004297994269340974
S-0.045_C15,822268.8573834021,0.3586411194697747,-0.7630605956352255,0.04632282712511939
S-0.035_C7,766696.4691680861,0.35294263442909224,-0.794835401581295,0.06972301814708691
S-0.04_INV3,663962.4515867227,0.3413020209417199,-0.7594927502671028,0.024594078319006684
S-0.04_INV3,663962.4515867227,0.3413020209417199,-0.7594927502671028,0.024594078319006684
S-0.04_INV3,663962.4515867227,0.3413020209417199,-0.7594927502671028,0.024594078319006684
S-0.04_INV3,663962.4515867227,0.3413020209417199,-0.7594927502671028,0.024594078319006684
S-0.04_INV3,663962.4515867227,0.3413020209417199,-0.7594927502671028,0.024594078319006684
S-0.04_C3,663962.4515867227,0.3413020209417199,-0.7594927502671028,0.024594078319006684
S-0.04_INV3,663962.4515867227,0.3413020209417199,-0.7594927502671028,0.024594078319006684
S-0.04_INV3,663962.4515867227,0.3413020209417199,-0.7594927502671028,0.024594078319006684
S-0.07_C20,631790.3718485499,0.3373065277987952,-0.8503023122809508,0.0054918815663801334
S-0.04_INV5,537017.1211935172,0.3243151439371834,-0.7849953659841434,0.03414517669531996
S-0.04_INV5,537017.1211935172,0.3243151439371834,-0.7849953659841434,0.03414517669531996
S-0.04_INV5,537017.1211935172,0.3243151439371834,-0.7849953659841434,0.03414517669531996
S-0.04_INV5,537017.1211935172,0.3243151439371834,-0.7849953659841434,0.03414517669531996
S-0.04_C5,537017.1211935172,0.3243151439371834,-0.7849953659841434,0.03414517669531996
S-0.04_INV5,537017.1211935172,0.3243151439371834,-0.7849953659841434,0.03414517669531996
S-0.04_INV5,537017.1211935172,0.3243151439371834,-0.7849953659841434,0.03414517669531996
S-0.04_INV5,537017.1211935172,0.3243151439371834,-0.7849953659841434,0.03414517669531996
S-0.04_C20,484396.37062987813,0.316137422584708,-0.6970567601609512,0.08787010506208214
S-0.04_C10,439103.392057566,0.3083997674529446,-0.78517800361214,0.05515759312320917
S-0.035_C10,433682.66254179843,0.307423926155465,-0.7911545219560772,0.08954154727793696
S-0.055_C15,423734.5116516511,0.30560284757963907,-0.816598520357671,0.012655205348615091
S-0.06_C15,423734.5116516511,0.30560284757963907,-0.816598520357671,0.012655205348615091
S-0.035_C3,369053.08703155327,0.29481267048389337,-0.7602449747311469,0.04011461318051576
S-0.035_INV3,369053.08703155327,0.29481267048389337,-0.7602449747311469,0.04011461318051576
S-0.035_INV3,369053.08703155327,0.29481267048389337,-0.7602449747311469,0.04011461318051576
S-0.035_INV3,369053.08703155327,0.29481267048389337,-0.7602449747311469,0.04011461318051576
S-0.035_INV3,369053.08703155327,0.29481267048389337,-0.7602449747311469,0.04011461318051576
S-0.035_INV3,369053.08703155327,0.29481267048389337,-0.7602449747311469,0.04011461318051576
S-0.035_INV3,369053.08703155327,0.29481267048389337,-0.7602449747311469,0.04011461318051576
S-0.035_INV3,369053.08703155327,0.29481267048389337,-0.7602449747311469,0.04011461318051576
S-0.035_INV5,283164.4330948297,0.27437297654433834,-0.8036290608017891,0.055396370582617004
S-0.035_INV5,283164.4330948297,0.27437297654433834,-0.8036290608017891,0.055396370582617004
S-0.035_C5,283164.4330948297,0.27437297654433834,-0.8036290608017891,0.055396370582617004
S-0.035_INV5,283164.4330948297,0.27437297654433834,-0.8036290608017891,0.055396370582617004
S-0.035_INV5,283164.4330948297,0.27437297654433834,-0.8036290608017891,0.055396370582617004
S-0.035_INV5,283164.4330948297,0.27437297654433834,-0.8036290608017891,0.055396370582617004
S-0.035_INV5,283164.4330948297,0.27437297654433834,-0.8036290608017891,0.055396370582617004
S-0.035_INV5,283164.4330948297,0.27437297654433834,-0.8036290608017891,0.055396370582617004
S-0.04_C7,279942.0927529596,0.27349723068366005,-0.8431331846761049,0.04297994269340974
S-0.06_C20,272557.667327546,0.27145405797242983,-0.8165985203576711,0.01623686723973257
S-0.055_C20,272557.667327546,0.27145405797242983,-0.8165985203576711,0.01623686723973257
S-0.04_C15,270173.630506781,0.2707833056368698,-0.6970003138303476,0.07211079274116523
S-0.035_C15,116790.40838838546,0.2083534711173296,-0.8673007692278607,0.11986628462273162
S-0.035_C20,73175.3537908975,0.17489331098502814,-0.8628752548215219,0.14708691499522444
