strategy,final_balance,cagr,max_drawdown,avg_exposure,entries
BREAK_L2_H20_T0,2220641.0575601836,0.4421827526929214,-0.8540556220755712,0.9281279847182426,107
BUY&HOLD,2110450.4454818503,0.43778082560371767,-0.8165985256470294,0.9997612225405922,0
REV_L1_H15_T0,1358782.6568133994,0.4002542954635464,-0.8055046912196167,0.6626074498567335,166
MOM_L1_H15_T0,823653.7803105115,0.3587784566763157,-0.8115024715683273,0.8806112702960841,168
BREAK_L3_H20_T0,800166.6442291817,0.3564193968924394,-0.8729242950258269,0.9080706781279847,112
BREAK_L1_H15_T0,796551.7095091419,0.35605054413344384,-0.8430860537580787,0.956064947468959,116
MOM_L1_H20_T0,782507.461901247,0.3546024372174519,-0.8652434388016902,0.9173829990448902,124
BREAK_L1_H20_T0,777809.3677003129,0.3541125582783944,-0.8707729944481992,0.9648997134670487,86
REV_L1_H15_T200,757752.7778715322,0.3519894424470029,-0.6217842148607987,0.5229226361031518,140
BREAK_L2_H15_T0,704074.56446897,0.34603614118757475,-0.8486953979712434,0.9021012416427889,153
MOM_L1_H7_T0,664426.8533273482,0.34135835219341093,-0.9033434752050985,0.772683858643744,298
BREAK_L1_H10_T0,644019.7753673022,0.3388473721960701,-0.8506507835747535,0.9305157593123209,167
MOM_L2_H20_T0,604528.996788709,0.3337682778794724,-0.8423555535262576,0.8361986628462273,125
MOM_L1_H7_T100,575267.121938537,0.3297994441374337,-0.6430879009277835,0.6239255014326648,261
REV_L1_H7_T0,528975.0368755902,0.32311547164009524,-0.7556570637104814,0.4911652340019102,239
BREAK_L5_H20_T0,479070.62027575035,0.3152637460796639,-0.8590374533819578,0.8646131805157593,116
BREAK_L2_H20_T200,475616.58695556124,0.3146922266398806,-0.6354863036351841,0.8182903533906399,91
REV_L2_H15_T0,454428.5286360968,0.31109856349937215,-0.7935172693088697,0.4656160458452722,116
BREAK_L1_H20_T200,454003.709836461,0.3110249123411428,-0.6992207015859995,0.8359598853868195,74
BREAK_L3_H20_T100,397779.0936904943,0.3006553001560923,-0.8173437314205807,0.7886819484240688,103
BREAK_L2_H20_T100,371556.7391903192,0.29533859875737534,-0.8208974135064165,0.80396370582617,95
BREAK_L1_H5_T0,331281.73549649323,0.2864427158976379,-0.8583577375613528,0.8612702960840497,329
BREAK_L1_H7_T0,325581.3728157735,0.2851022745105696,-0.8635344178447586,0.8958930276981852,237
BREAK_L1_H10_T100,325254.1175134363,0.28502465242735675,-0.7267755799720548,0.7753104106972302,154
REV_L3_H20_T0,310999.60881583573,0.28157029807019973,-0.6903476116322451,0.3868194842406877,74
REV_L1_H20_T0,304870.4779051076,0.2800390266029593,-0.7977271087084864,0.7034383954154728,125
BREAK_L7_H20_T0,296106.0572458896,0.27779832242053937,-0.8238195102734656,0.8290353390639924,124
REV_L3_H7_T0,292341.9159425063,0.27681679045600394,-0.5829084163777116,0.21227316141356256,113
MOM_L1_H20_T200,285288.38466902653,0.2749451022325158,-0.6869296855825584,0.7920248328557784,106
MOM_L3_H20_T0,278954.5998354187,0.2732269593187775,-0.8510572344618965,0.8073065902578797,124
REV_L2_H20_T0,277397.19449177483,0.272798873023405,-0.7529609529934156,0.5444126074498568,101
MOM_L1_H10_T0,266530.66280756646,0.26974752786134126,-0.8797818585677718,0.8290353390639924,236
BREAK_L1_H2_T0,264518.3979607689,0.26916967625348387,-0.7302430900708206,0.7237344794651385,646
MOM_L1_H7_T200,260138.9215920905,0.2678976276323617,-0.6299884160658527,0.6423113658070678,266
BREAK_L3_H15_T0,241195.90527970134,0.2621528697004356,-0.8831057083259523,0.8660458452722063,153
BREAK_L20_H20_T0,236299.72409135726,0.26059907721031084,-0.6117174244717513,0.6571155682903533,104
REV_L1_H10_T0,230050.29163053897,0.2585712672843401,-0.6903237926853072,0.5816618911174785,191
BREAK_L5_H20_T100,226584.73953595577,0.25742433807422227,-0.858836169324075,0.7643266475644699,99
BREAK_L3_H10_T0,212005.1661068565,0.25241124063366427,-0.8435361594200061,0.8244985673352435,206
BREAK_L1_H20_T100,208514.3542052556,0.25116292068858703,-0.8447963378916803,0.8311843361986628,83
BREAK_L3_H10_T100,193372.5245065702,0.24551021564858688,-0.8102070586137817,0.7003342884431709,169
MOM_L2_H10_T0,191270.65462611412,0.24469287690129105,-0.8671751657115202,0.7335243553008596,217
BREAK_L5_H20_T200,190276.04558804413,0.24430316370981298,-0.6763010984239164,0.7547755491881566,99
BREAK_L3_H15_T100,186036.11927214896,0.24262007903349514,-0.7339506657128211,0.744269340974212,134
REV_L1_H15_T100,186007.49291317377,0.24260859342950436,-0.6217842148607986,0.47277936962750716,129
MOM_L1_H15_T200,184843.75627164598,0.24214026113824882,-0.6935788193397872,0.7480897803247374,153
BREAK_L7_H10_T0,181173.65797060975,0.24064490439207042,-0.805015247722385,0.6929321872015282,196
BREAK_L2_H15_T200,179817.944990836,0.24008531761023777,-0.6992853931327341,0.7839063992359121,129
REV_L3_H15_T0,172092.3234131717,0.23681872160224815,-0.7460676553935865,0.3223495702005731,83
BREAK_L15_H15_T0,171600.85581944138,0.2366062806517315,-0.58873997187356,0.6332378223495702,136
MOM_L1_H20_T100,171240.54078453462,0.2364501678425608,-0.8412696071859742,0.7824737344794651,112
BREAK_L2_H15_T100,169475.7822428706,0.2356810675699581,-0.7262160669894469,0.7767430754536772,121
MOM_L1_H15_T100,169197.439682515,0.2355590762228068,-0.732725145359693,0.7337631327602674,155
BREAK_L1_H15_T100,163888.04970890874,0.23319523306238965,-0.7262160669894467,0.8018147086914995,118
REV_L3_H10_T0,157951.76254267732,0.23046549900406532,-0.658290211000484,0.2626552053486151,98
BREAK_L5_H10_T0,151712.04171319288,0.22749025511044985,-0.863428526299849,0.7502387774594078,207
BREAK_L7_H10_T100,151688.22523827627,0.22747868006389682,-0.7248191948241371,0.6069723018147087,173
BREAK_L2_H10_T0,140686.8903821259,0.22194023804092589,-0.8833156770331655,0.8794173829990449,200
BREAK_L20_H15_T0,139185.30040518986,0.2211529185301231,-0.5125577087118864,0.5723495702005731,130
MOM_L2_H15_T0,137681.15872245326,0.22035621593457155,-0.8071212641693264,0.8123209169054442,170
BREAK_L1_H7_T100,135366.56325837897,0.2191141127744436,-0.7429879659507124,0.7332855778414518,210
BREAK_L3_H20_T200,132874.31060440754,0.21775415057507974,-0.6844824600102857,0.7934574976122254,99
BREAK_L2_H7_T0,131621.07873525066,0.21706120708934162,-0.9008660864409193,0.8283190066857689,272
MOM_L3_H20_T100,129688.52494891823,0.21598039830701365,-0.8436595440586747,0.6974689589302769,111
REV_L1_H20_T200,127847.04698824362,0.2149363466603318,-0.6992207015859995,0.555396370582617,102
BREAK_L10_H15_T0,127060.29950357311,0.21448597337320563,-0.736079632434744,0.7048710601719198,144
MOM_L5_H20_T0,120615.97685729634,0.21069500709530486,-0.890709499005503,0.6807545367717287,116
MOM_L2_H20_T100,119879.15364809339,0.21024949610811183,-0.843345741696097,0.7120343839541547,120
BREAK_L2_H5_T100,113689.56594147281,0.2064020050899973,-0.6877511112656295,0.6260744985673352,309
BREAK_L2_H7_T100,111823.55263267245,0.20520340509083002,-0.7557230291889234,0.6912607449856734,234
BREAK_L20_H20_T200,111021.04250193412,0.2046821360570572,-0.6946610144840477,0.6045845272206304,91
BREAK_L2_H5_T200,110757.21578830249,0.20450999413000837,-0.537341985087491,0.6451766953199618,312
BREAK_L1_H5_T200,105760.72355637734,0.20117494579183437,-0.5473560514235927,0.7180038204393505,285
REV_L1_H5_T0,104679.1694274301,0.20043356482464936,-0.7561687434875086,0.41427889207258833,287
REV_L1_H20_T100,104637.34246968069,0.2004047490082177,-0.6992207015859995,0.5315186246418339,101
BREAK_L7_H20_T100,102920.30983057851,0.19921239051632855,-0.8629073253785775,0.7382999044890163,103
BREAK_L10_H20_T0,102125.17517696197,0.19865387811694069,-0.8533522967679911,0.7717287488061128,116
BREAK_L20_H10_T0,101305.24618503734,0.19807365293505286,-0.43699550092182593,0.5210124164278892,160
BREAK_L7_H15_T100,100214.5534715324,0.1972949416170029,-0.6953734252425079,0.6833810888252149,135
MOM_L1_H10_T100,96561.33635625111,0.1946273729093908,-0.7871158439624268,0.6905444126074498,199
BREAK_L7_H15_T0,96277.48097959778,0.19441614939667518,-0.8749888240342358,0.7800859598853869,151
REV_L1_H7_T200,96270.5271905992,0.19441096757551768,-0.5351060932946089,0.3624641833810888,186
BREAK_L15_H20_T0,95529.01894712374,0.19385638179926357,-0.7687605095197654,0.7048710601719198,110
BREAK_L2_H5_T0,94479.61927045857,0.19306456404163663,-0.7915753862224073,0.7645654250238777,367
BREAK_L2_H10_T100,94423.15364668849,0.19302172426712527,-0.8311891451692104,0.7337631327602674,177
BREAK_L1_H3_T100,92407.3668329641,0.19147637813010432,-0.6337628858480082,0.644937917860554,398
BREAK_L3_H15_T200,87226.97200388224,0.1873547165167535,-0.7428147458280018,0.751432664756447,139
BREAK_L15_H15_T100,87010.95895824766,0.18717789673237717,-0.5594171713478302,0.5830945558739254,124
MOM_L2_H20_T200,86918.96597583368,0.18710246959039178,-0.7193350975470458,0.7168099331423113,123
MOM_L1_H5_T100,86326.76564693618,0.18661510715360907,-0.6697460557490692,0.5854823304680038,335
BREAK_L20_H15_T100,86168.27254526407,0.18648413921203066,-0.5886408872936848,0.5472779369627507,122
REV_L3_H3_T0,85578.70663312252,0.18599496610241406,-0.6159087226069548,0.11318051575931232,138
MOM_L3_H10_T0,85445.7554999852,0.18588421662599952,-0.8645353054031285,0.6568767908309455,204
BREAK_L20_H15_T200,83484.68005480069,0.1842315296043351,-0.49745454566384417,0.5257879656160458,118
BREAK_L1_H10_T200,83244.34897630555,0.18402648740506633,-0.6844824600102857,0.7896370582617,162
BREAK_L20_H20_T100,82791.4778703648,0.18363859670481952,-0.8136235319500799,0.623686723973257,98
BREAK_L10_H10_T0,81206.16686449101,0.18226486290636124,-0.5785661050495736,0.6284622731614136,185
BREAK_L3_H10_T200,79231.79438927521,0.18051830540401648,-0.7934623371745038,0.7027220630372493,177
MOM_L1_H5_T0,78731.93160471146,0.18006963204393278,-0.7789210317633976,0.7299426934097422,396
MOM_L3_H20_T200,78020.51743041283,0.17942643264679314,-0.6791973218020351,0.6926934097421203,107
BREAK_L20_H7_T0,77966.14752708023,0.17937704957659562,-0.420323780950409,0.45176695319961796,193
MOM_L7_H20_T0,77438.2723874262,0.17889590145128986,-0.7534637833136808,0.5518147086914995,99
REV_L3_H2_T0,77041.49772377682,0.17853221514471418,-0.5900030341502126,0.09121298949379178,143
MOM_L10_H20_T0,76184.85600688701,0.17774096988075527,-0.6195030322552547,0.3734479465138491,72
REV_L3_H20_T200,75538.42550375426,0.17713833244523336,-0.6859065053372394,0.2626552053486151,53
BREAK_L1_H7_T200,74608.65677969778,0.17626299646035193,-0.7277083976684028,0.747134670487106,224
MOM_L3_H7_T0,74033.63289736384,0.17571649112572052,-0.786379304850704,0.5787965616045845,266
REV_L3_H5_T0,74014.26860334254,0.17569801785351746,-0.5508341797698997,0.16953199617956066,124
MOM_L7_H15_T0,73593.23191167176,0.17529522728358327,-0.7784076487392487,0.4754059216809933,114
MOM_L10_H20_T100,72762.20405945925,0.17449381597190272,-0.5486616430545237,0.3113658070678128,60
MOM_L2_H10_T100,72596.29640248523,0.17433279132222435,-0.786147372540082,0.602196752626552,183
BREAK_L5_H10_T100,71319.37165689655,0.17308174442000612,-0.8430140506202516,0.6547277936962751,177
BREAK_L7_H7_T100,70999.50000229785,0.17276505842219692,-0.4643232441122298,0.526981852913085,227
BREAK_L10_H5_T0,69977.24337416043,0.1717439140080732,-0.46487245105049557,0.47325692454632284,266
REV_L2_H15_T200,69963.51102104098,0.17173010138639855,-0.5797674381256904,0.3330945558739255,87
BREAK_L7_H7_T0,69047.92376678553,0.17080336440235322,-0.6380510005991835,0.6038681948424068,256
BREAK_L7_H20_T200,66235.30219351886,0.1678824635313234,-0.7484219186864877,0.7382999044890163,103
REV_L2_H5_T0,64957.34681159237,0.1665165909177435,-0.6745172430664942,0.2602674307545368,184
REV_L2_H10_T0,63956.201663168154,0.1654288116352387,-0.7332780416263087,0.37965616045845274,139
BREAK_L1_H5_T100,63268.3367310368,0.16467210689518774,-0.6954066799913807,0.6977077363896849,283
BREAK_L10_H10_T100,63219.248754205495,0.16461781112220453,-0.7061706345453753,0.563992359121299,166
BREAK_L20_H10_T100,63094.96092456571,0.1644801600771042,-0.6123753442379645,0.4899713467048711,148
REV_L1_H10_T100,62156.03341205866,0.1634319681928531,-0.5697036162543032,0.3930276981852913,146
BREAK_L10_H15_T100,60475.08103044351,0.16151766549982005,-0.660920917814422,0.6260744985673352,131
REV_L2_H20_T200,59950.8950474078,0.1609104743013683,-0.6992207015859995,0.396370582617001,76
BREAK_L15_H20_T100,58119.67398369733,0.15874938184500031,-0.8111268874248524,0.6523400191021967,101
MOM_L1_H5_T200,58060.51148889785,0.15867849985525528,-0.5412260664589188,0.6045845272206304,337
BREAK_L2_H7_T200,58049.09805060527,0.15866481771830965,-0.6047862944455107,0.6996179560649475,243
BREAK_L15_H20_T200,57247.28886610809,0.15769724420927034,-0.6983892482731144,0.6427889207258835,96
BREAK_L15_H5_T0,57126.29500824378,0.15755013143765528,-0.4829697266051304,0.43147086914995225,237
BREAK_L1_H15_T200,56624.26537266896,0.15693658345395178,-0.7625718502982598,0.8199617956064947,110
MOM_L2_H15_T200,56557.18843981899,0.1568542194804723,-0.8109530604566072,0.6941260744985673,143
BREAK_L15_H10_T0,56501.90451913376,0.1567862671322129,-0.5368012005653477,0.5687679083094556,174
BREAK_L20_H7_T100,56172.980996356826,0.15638067340038475,-0.44028196823514676,0.4250238777459408,183
MOM_L2_H15_T100,53958.24869522222,0.1535901170031928,-0.7198807518384049,0.6905444126074498,142
BREAK_L7_H5_T100,53707.462741648866,0.15326736974394328,-0.5615553192129672,0.46609360076408785,255
REV_L1_H7_T100,52371.6027721488,0.15152395401995644,-0.6301046470359251,0.3240210124164279,170
MOM_L5_H20_T100,51566.127718640295,0.15045242580320428,-0.8723196161403055,0.5804680038204394,104
BREAK_L15_H10_T100,51233.10197917728,0.1500047961612716,-0.6138900041168649,0.5234001910219676,159
MOM_L1_H10_T200,50895.197159637726,0.1495478043318028,-0.7557479209420109,0.7096466093600764,207
MOM_L2_H10_T200,50751.76709754399,0.14935296281253585,-0.6844253448244295,0.6141356255969437,184
BREAK_L2_H3_T100,50594.305012566816,0.14913846269537445,-0.6244480187195574,0.5518147086914995,417
BREAK_L2_H3_T200,50304.95669020742,0.14874266164233507,-0.5851979332115224,0.566857688634193,424
BREAK_L20_H7_T200,50280.38603569182,0.14870895281621488,-0.420323780950409,0.41165234001910217,177
BREAK_L5_H7_T100,50136.222719710124,0.1485108606575256,-0.7536373970401434,0.583810888252149,239
MOM_L2_H5_T0,49710.304502836734,0.14792247112343793,-0.8272711438199764,0.5854823304680038,359
REV_L2_H7_T0,49541.83114931843,0.14768842294029993,-0.8498767716164736,0.31924546322827124,162
BREAK_L15_H7_T0,48365.7139415587,0.14603337254983395,-0.5454236150951359,0.49522445081184335,206
BREAK_L20_H10_T200,47991.66816179432,0.14549907501218895,-0.5044642654562228,0.4708691499522445,147
MOM_L1_H2_T0,47811.44857896805,0.14524024552962667,-0.743904970942028,0.5085959885386819,697
BREAK_L1_H3_T200,47630.37402254913,0.144979262928145,-0.5964133494860402,0.6635625596943648,417
BREAK_L10_H20_T200,47290.52262799114,0.14448690773240536,-0.7607584136533359,0.6953199617956065,96
BREAK_L2_H10_T200,47086.81404942831,0.1441901910133745,-0.7557479209420108,0.745702005730659,183
BREAK_L7_H10_T200,47025.42129913026,0.14410053127175226,-0.5638236248575641,0.602196752626552,177
BREAK_L10_H20_T100,45860.88987273039,0.14237864429106617,-0.871185143917026,0.7000955109837631,101
BREAK_L3_H7_T100,45785.80023157901,0.14226621039469323,-0.8077883465205701,0.6575931232091691,240
BREAK_L15_H15_T200,45319.568524081915,0.14156420461689634,-0.5887399718735599,0.5723495702005731,126
MOM_L1_H3_T100,45180.59891436605,0.1413536444093113,-0.6275594522203929,0.48256924546322827,466
MOM_L2_H7_T0,44469.77684420975,0.14026702734275598,-0.8930766501886328,0.6673829990448902,287
BREAK_L7_H15_T200,44213.85368593851,0.1398718028637247,-0.631842197714058,0.6797994269340975,138
BREAK_L3_H5_T200,43985.9613576975,0.1395180525560955,-0.5777949834418611,0.5964660936007641,302
BREAK_L1_H3_T0,43880.25886344505,0.13935338859946333,-0.9344717757593715,0.793935052531041,494
BREAK_L10_H5_T100,43803.357417395084,0.13923335662437508,-0.572934634510063,0.42311365807067813,234
BREAK_L2_H3_T0,43776.17522250197,0.13919088178688765,-0.9020571315693997,0.6714422158548233,503
BREAK_L20_H5_T0,43467.603909975274,0.13870696315071251,-0.5219343361971518,0.3980420248328558,222
BREAK_L15_H7_T100,42977.94192129225,0.13793238033589605,-0.46964047643721474,0.45176695319961796,194
BREAK_L5_H15_T100,42767.76309131171,0.13759735689269892,-0.7126690577775239,0.7299426934097422,135
MOM_L5_H20_T200,42523.614665872505,0.13720623771886187,-0.7587098703449999,0.5900191021967526,102
BREAK_L5_H15_T0,41717.63085258557,0.13589991739425256,-0.8583271873671344,0.8373925501432665,148
REV_L1_H3_T0,41547.99595320634,0.1356219574645574,-0.6363581646986471,0.3194842406876791,353
MOM_L3_H10_T100,41240.830804943245,0.13511591796130706,-0.8228355107790363,0.5446513849092646,171
BREAK_L1_H2_T200,41079.688187442705,0.13484902492777517,-0.6821806317756032,0.6033906399235912,537
MOM_L10_H15_T0,40936.81949455866,0.13461157387217826,-0.6199506733966362,0.32688634192932187,81
BREAK_L15_H5_T100,40843.266157438724,0.1344556636832499,-0.5254967652040794,0.3944603629417383,214
REV_L1_H10_T200,39592.23597303733,0.1323378775759263,-0.664130147280193,0.44317096466093603,152
BREAK_L5_H7_T0,38326.18258886785,0.13012963109359443,-0.796387706571011,0.6774116523400191,276
REV_L2_H5_T100,37478.649687319645,0.12861272175984295,-0.28477367468404047,0.13371537726838587,105
BREAK_L3_H5_T0,37345.190834744244,0.12837092443967157,-0.7765783892467979,0.7003342884431709,359
BREAK_L3_H5_T100,37178.18585270944,0.1280672024213363,-0.7225082466567231,0.5845272206303725,303
REV_L2_H2_T0,36957.87689227984,0.12766457199060377,-0.48430076299984604,0.13753581661891118,245
REV_L1_H5_T200,36806.5679587165,0.12738673520384558,-0.5318977210495066,0.2948901623686724,221
BREAK_L10_H7_T0,36373.46264824815,0.12658548204582787,-0.5534856756125511,0.5420248328557784,232
REV_L5_H5_T0,34946.813693143,0.12388121457739976,-0.5751657546594189,0.07163323782234957,56
MOM_L2_H5_T200,34861.92349522155,0.12371704908006986,-0.6031646902202701,0.47325692454632284,304
MOM_L3_H15_T0,34483.70907863474,0.12298103996516829,-0.8087510363695358,0.744269340974212,160
BREAK_L3_H2_T0,34184.74970376554,0.12239387288592063,-0.7562245640258938,0.5074021012416428,568
BREAK_L7_H3_T100,34087.16099264723,0.12220115987439994,-0.4625954397128683,0.38299904489016234,322
REV_L5_H2_T0,32929.67300899011,0.11987499122322332,-0.5447749468431208,0.04250238777459408,60
REV_L3_H5_T100,32886.12681081221,0.11978598555835429,-0.3135877836263321,0.06924546322827126,56
REV_L2_H15_T100,32782.99169013742,0.11957474124395406,-0.6040389173792418,0.28653295128939826,75
MOM_L7_H10_T0,32743.46261453474,0.11949361103116152,-0.620941067078961,0.36771728748806115,133
BREAK_L20_H5_T100,32656.78310553489,0.11931538563836108,-0.5716200634380704,0.3741642788920726,207
MOM_L10_H7_T100,32495.042402690775,0.11898163157388164,-0.34887189799962837,0.16308500477554919,78
MOM_L10_H20_T200,32443.189364409216,0.11887430155955969,-0.6569860110159436,0.3113658070678128,62
MOM_L10_H7_T0,31873.049823213638,0.11768342378955099,-0.5276569764649968,0.1981852913085005,92
MOM_L1_H3_T0,31514.140661701356,0.11692344054830128,-0.9129302671906595,0.6086437440305635,566
REV_L3_H7_T200,31241.80440131529,0.11634132560608101,-0.5614404548371728,0.12535816618911175,73
BREAK_L20_H5_T200,30934.791316302824,0.11567934251636691,-0.521934336197152,0.36341929321872013,201
MOM_L5_H7_T0,30534.25413359323,0.11480635675845163,-0.6764011568041016,0.40138490926456544,205
BREAK_L5_H10_T200,29964.96755672427,0.11354687122353324,-0.8192082380778895,0.6523400191021967,183
MOM_L3_H7_T100,29708.249934896874,0.11297153673750504,-0.7387573756815304,0.470152817574021,225
BREAK_L5_H5_T100,29248.061742133756,0.11192840379785007,-0.798269116936428,0.5174307545367717,286
BREAK_L7_H7_T200,28630.277819951567,0.1105035160245249,-0.5390508240365179,0.5253104106972302,225
BREAK_L15_H2_T0,28605.152446342,0.11044495599216719,-0.38797327305700624,0.3104106972301815,342
BREAK_L15_H7_T200,28322.936963481483,0.1097838505579527,-0.5924495985676284,0.44173829990448904,189
REV_L2_H5_T200,28301.299032269668,0.10973290726066165,-0.6200520217574756,0.16714422158548234,127
BREAK_L15_H10_T200,28001.420023070543,0.10902309163411816,-0.5645892016073686,0.5090735434574976,158
MOM_L3_H10_T200,27814.423322262286,0.10857684341733886,-0.7385647150594838,0.5494269340974212,174
REV_L5_H20_T0,27401.13078845591,0.10758047485967848,-0.7685723843516262,0.19579751671442217,40
BREAK_L15_H5_T200,27399.070675790255,0.10757547303638626,-0.47884701010822217,0.38968481375358166,212
BREAK_L3_H3_T0,27345.806740888653,0.10744602869698494,-0.8258276938278724,0.5888252148997135,496
MOM_L10_H10_T0,27055.047027467077,0.10673520642958167,-0.500700734308159,0.24212034383954154,89
REV_L1_H2_T0,26670.494228448304,0.10578397797355943,-0.6712290542742871,0.24976122254059216,412
MOM_L7_H7_T0,26464.42640854682,0.10526893120581282,-0.5760315964572411,0.28581661891117477,153
REV_L3_H7_T100,26177.08246417169,0.10454441378749069,-0.3458035951547551,0.09025787965616046,52
REV_L3_H15_T200,26162.451664025033,0.10450732357296855,-0.7197583256798599,0.2148997134670487,58
BREAK_L7_H5_T200,26078.041725151856,0.10429295635971791,-0.5107022307264883,0.467287488061127,258
MOM_L1_H3_T200,26074.609989010954,0.10428422734358,-0.5770067332417219,0.4997612225405922,477
BREAK_L7_H5_T0,25893.273831890954,0.10382143495833174,-0.7429814326747386,0.5317574021012417,294
MOM_L7_H15_T100,25532.077563155173,0.10289046865415985,-0.7046665957350939,0.3966093600764088,99
BREAK_L7_H2_T0,25486.799750809183,0.10277289524748134,-0.43871947549950796,0.38204393505253104,417
MOM_L3_H15_T100,25244.66327607673,0.10214078485961897,-0.7320976030504817,0.6296561604584527,142
MOM_L7_H20_T100,24657.332058508415,0.10058352703208695,-0.852558758122703,0.4706303724928367,88
BREAK_L5_H2_T0,24622.819616252284,0.10049093924913488,-0.6517803547257739,0.4302769818529131,475
BREAK_L20_H2_T0,24320.02346215939,0.0996733465326387,-0.3329227684631828,0.28653295128939826,316
BREAK_L10_H7_T100,24035.62494440222,0.09889666920278817,-0.5434853697480199,0.4835243553008596,211
MOM_L2_H5_T100,23909.06983352007,0.0985482730431333,-0.7089313510080971,0.46609360076408785,300
BREAK_L3_H2_T100,23729.69518078333,0.09805148769660765,-0.7355098837912406,0.4281279847182426,480
BREAK_L2_H2_T0,23422.14852805216,0.09719145240572424,-0.8838956771896311,0.5725883476599809,650
REV_L3_H2_T200,23155.739487978066,0.09643783253558014,-0.4284006418504315,0.04680038204393505,85
MOM_L3_H15_T200,23048.94397043929,0.09613343808087893,-0.7720067769047185,0.6296561604584527,138
MOM_L7_H10_T100,23031.230008144095,0.09608282063318918,-0.6519173004201029,0.3032473734479465,114
MOM_L7_H15_T200,22981.94819255932,0.09594180564248034,-0.6989791915178687,0.40019102196752626,100
BREAK_L10_H2_T0,22930.211920131234,0.09579346132705413,-0.48166691849144705,0.3428844317096466,377
REV_L2_H2_T200,22896.944936413438,0.09569790805280465,-0.3016001583777268,0.08166189111747851,161
BREAK_L15_H2_T100,22635.96175710594,0.09494372210072122,-0.3550804831681287,0.28462273161413565,314
MOM_L10_H15_T100,22365.45758069673,0.09415334706261125,-0.48569058620850303,0.2695797516714422,71
BREAK_L10_H15_T200,22295.905579865055,0.09394867395115836,-0.7374877585449222,0.6224928366762178,135
MOM_L10_H10_T100,22243.93600161525,0.0937953491366399,-0.4278969495516105,0.1991404011461318,78
REV_L5_H7_T0,21984.062701742103,0.09302356225024555,-0.722636632423501,0.09192932187201529,51
BREAK_L5_H5_T200,21971.996245070597,0.09298751861369792,-0.7272072641390843,0.5222063037249284,285
BREAK_L10_H5_T200,21943.08601823424,0.09290108531097618,-0.547104591230918,0.4207258834765998,235
REV_L1_H5_T100,21816.001042891192,0.09251986371444976,-0.6381740925785576,0.2602674307545368,197
REV_L3_H10_T200,21550.75931983531,0.09171743715131453,-0.6681080092610849,0.15998089780324737,65
REV_L5_H15_T0,21503.57131852873,0.09157370901668327,-0.7883724886468082,0.15759312320916904,42
REV_L3_H5_T200,21406.025379270806,0.09127565533180815,-0.5295960781237343,0.09670487106017192,77
MOM_L3_H7_T200,21247.681656854566,0.09078910372285409,-0.5781473687765706,0.47516714422158546,224
MOM_L2_H3_T100,21178.232957335807,0.09057462876062172,-0.6173002829203984,0.35792741165234004,378
BREAK_L3_H2_T200,21062.705874221956,0.09021638338353921,-0.753859179653856,0.4305157593123209,486
REV_L2_H20_T100,21010.241980505347,0.0900530845073444,-0.7129390820147558,0.3438395415472779,66
BREAK_L7_H2_T100,21005.82754021924,0.09003932666433379,-0.3971128227903169,0.335243553008596,367
REV_L5_H3_T0,20677.870788769378,0.08900955377411623,-0.6030527656665899,0.05659025787965616,58
REV_L2_H10_T200,20296.576741920177,0.08779282540560196,-0.6311799315490934,0.26743075453677173,101
BREAK_L3_H7_T0,20294.618657736537,0.08778652179079494,-0.8902621174783069,0.7762655205348615,283
BREAK_L10_H3_T100,20185.882414960368,0.08743556931535323,-0.4898621471520367,0.35148042024832854,291
MOM_L5_H7_T100,19996.75112213178,0.08682088210249739,-0.652055610232037,0.32951289398280803,172
BREAK_L5_H2_T100,19930.32581736135,0.08660369889938746,-0.5072921078337633,0.37153772683858644,407
BREAK_L10_H3_T0,19744.652232082026,0.08599299467665467,-0.4885416642717795,0.3958930276981853,322
MOM_L7_H20_T200,19478.587620926482,0.08510839736715514,-0.7444646252049804,0.4706303724928367,87
REV_L1_H2_T200,19379.054351669765,0.0847745528088375,-0.41857281328755647,0.17048710601719197,299
MOM_L2_H3_T0,19350.520576948515,0.08467855041473338,-0.7897983600632182,0.4574976122254059,465
MOM_L2_H7_T100,19347.155685798072,0.08466722040886876,-0.8010637949497323,0.5386819484240688,245
BREAK_L5_H15_T200,19195.472356867576,0.08415455047692588,-0.7735396237125562,0.7299426934097422,135
BREAK_L1_H2_T100,18825.723948500625,0.08288871582241653,-0.7462989157257635,0.5819006685768864,525
BREAK_L5_H5_T0,18631.5805943287,0.08221467881197975,-0.8837618644278727,0.5998089780324737,327
REV_L2_H7_T100,18545.348200985267,0.08191317289335776,-0.4775577500367182,0.1721585482330468,96
BREAK_L15_H2_T200,18349.798327904784,0.08122453369471327,-0.361292861239346,0.278414517669532,308
MOM_L10_H7_T200,18256.870887115947,0.08089486357503706,-0.34887189799962826,0.15807067812798473,79
BREAK_L5_H7_T200,18220.824234811647,0.0807665594608824,-0.6955388002367908,0.5888252148997135,242
BREAK_L10_H2_T100,17879.338966104275,0.07953910287437704,-0.3925273271634012,0.30659025787965616,334
MOM_L2_H7_T200,17686.06230044846,0.07883457557028373,-0.6599305924516108,0.5503820439350525,243
MOM_L5_H10_T0,17633.390621058352,0.07864132326085294,-0.8259944395736419,0.4968958930276982,170
BREAK_L3_H3_T100,17588.724504688587,0.07847701772905058,-0.7197893943989911,0.49641833810888253,421
REV_L2_H3_T100,17566.771658222915,0.07839611978446626,-0.48046394916589674,0.09097421203438395,117
BREAK_L15_H3_T100,17549.358416022587,0.07833188302479166,-0.44444076625314344,0.3235434574976122,271
REV_L2_H3_T200,17343.00012309165,0.07756603947206275,-0.4227909511376995,0.1174785100286533,148
BREAK_L20_H3_T100,17293.400323652826,0.07738068664114794,-0.45600621626342286,0.30706781279847184,256
REV_L3_H20_T100,17232.269122247973,0.07715155266406493,-0.6859065053372393,0.20057306590257878,41
BREAK_L20_H2_T100,17149.545998417507,0.07684026763705831,-0.37064687711682665,0.2702960840496657,297
REV_L3_H3_T100,17094.945988008938,0.07663403505500921,-0.37647387102183727,0.04297994269340974,59
REV_L3_H2_T100,16985.680009521744,0.07621945483738979,-0.2569080178728592,0.03151862464183381,59
BREAK_L7_H3_T0,16871.272721404723,0.07578267217759538,-0.6961862718286702,0.437440305635148,364
MOM_L20_H20_T0,16840.959272216445,0.07566647534995496,-0.6054628552877444,0.1384909264565425,28
MOM_L2_H3_T200,16809.548094311835,0.07554586315170386,-0.5448970777801425,0.3658070678127985,385
BREAK_L10_H10_T200,16631.13109581005,0.07485673460174258,-0.5849249798544605,0.5544412607449857,168
MOM_L7_H7_T100,16613.679571731464,0.07478895615028058,-0.6705660529918396,0.23233046800382043,126
REV_L7_H3_T0,16547.964810553633,0.0745331304536716,-0.37526385558474873,0.030802292263610316,32
BREAK_L20_H2_T200,16529.041154057697,0.07445928410687919,-0.3905371472087029,0.2626552053486151,287
BREAK_L20_H3_T0,16425.76470448903,0.07405485966323355,-0.44774778845723806,0.3264087870105062,274
BREAK_L7_H3_T200,16385.13733549337,0.07389510993345505,-0.46002501349292035,0.38013371537726837,321
MOM_L5_H10_T100,16266.793920161537,0.07342764432275617,-0.7433329654448447,0.413323782234957,147
MOM_L20_H7_T0,16265.616886591371,0.07342297891453153,-0.39308856296114936,0.0718720152817574,30
BREAK_L5_H2_T200,16229.490170345127,0.07327962888088835,-0.516455367359052,0.37153772683858644,410
BREAK_L20_H3_T200,15958.545032733453,0.07219486381288509,-0.4477477884572376,0.29775549188156636,247
REV_L7_H7_T0,15827.938528422812,0.07166576531940683,-0.46430360549219807,0.05348615090735435,31
MOM_L7_H5_T100,15788.332652524663,0.07150450738275893,-0.4321847031383158,0.1981852913085005,127
MOM_L5_H15_T100,15715.857111524723,0.07120843143524347,-0.7224325870263977,0.5291308500477555,124
MOM_L7_H5_T0,15490.519348546497,0.07027961683720574,-0.5811561144991924,0.24832855778414517,153
BREAK_L7_H2_T200,15296.795013784546,0.0694709000757967,-0.4643336004554768,0.3319006685768863,364
MOM_L3_H5_T200,15268.14676968343,0.0693504895917767,-0.5383715401093099,0.3825214899713467,262
MOM_L1_H2_T200,15132.036745606589,0.06877549294856733,-0.6607977575131074,0.41260744985673353,581
REV_L3_H3_T200,15108.589440842185,0.06867594926355247,-0.489072213669146,0.062320916905444126,81
MOM_L1_H2_T100,15066.200494515351,0.06849562122445207,-0.717459101310417,0.396370582617001,568
BREAK_L3_H3_T200,14629.650485799055,0.06661021893108066,-0.6649129098898394,0.5007163323782235,424
MOM_L5_H5_T100,14267.288393730547,0.06500461819749104,-0.4881322737818943,0.2605062082139446,189
REV_L2_H7_T200,14046.422997898388,0.06400707221971591,-0.5722597018405631,0.2139446036294174,119
BREAK_L15_H3_T0,13755.308784294088,0.06266947905456344,-0.444440766253143,0.353629417382999,299
BREAK_L3_H7_T200,13724.236301577559,0.06252514110558982,-0.7332335848598096,0.6609360076408787,247
BREAK_L10_H2_T200,13621.18716507401,0.06204424872791314,-0.46357436352665415,0.3013371537726839,329
MOM_L3_H5_T0,13216.410502271003,0.060121603358400666,-0.7994944193878009,0.47445081184336196,319
MOM_L20_H15_T0,12870.84638427629,0.05843590052933045,-0.5118125299517908,0.11461318051575932,27
MOM_L10_H15_T200,12864.84097504951,0.058406231008352405,-0.5354981678480781,0.2695797516714422,72
REV_L7_H5_T0,12404.27500787476,0.05609111858489246,-0.5037007108550862,0.04059216809933142,31
BREAK_L15_H3_T200,12103.199564156197,0.05453363028546776,-0.44444076625314277,0.31709646609360076,266
MOM_L5_H15_T0,11903.473154137537,0.05348020876312165,-0.8797403084683915,0.62225405921681,140
MOM_L10_H10_T200,11879.85681331549,0.05335455202405304,-0.42789694955161106,0.19197707736389685,75
MOM_L7_H7_T200,11818.307573836582,0.053025956983080436,-0.578832492025559,0.23065902578796563,125
MOM_L7_H10_T200,11758.490227601176,0.052705063152505005,-0.6114518151404447,0.29847182425978985,114
BREAK_L5_H3_T100,11671.162751050113,0.05223382356085393,-0.6411331784732833,0.4281279847182426,362
MOM_L15_H15_T0,11221.966778488517,0.049756218346260095,-0.6038602026750584,0.17191977077363896,46
REV_L3_H10_T100,11208.604184679729,0.04968109609008198,-0.5902466590324336,0.11700095510983763,48
MOM_L2_H2_T0,11179.101283825807,0.04951493719184774,-0.8549710317710189,0.35912129894937916,539
BREAK_L10_H3_T200,10632.819208092695,0.046361425628807185,-0.46584897244365375,0.3471824259789876,287
MOM_L20_H20_T200,10430.836444369434,0.04515674842616191,-0.5602265951230627,0.11461318051575932,23
REV_L10_H15_T0,10297.194287428287,0.044347559518712165,-0.6005174797294195,0.04656160458452722,12
REV_L2_H2_T100,10181.871387857565,0.043641317763587706,-0.4046924139890734,0.06303724928366762,126
MOM_L15_H5_T0,9989.4502803192,0.04244601152046501,-0.5272456256174132,0.0943170964660936,57
REV_L2_H10_T100,9949.151922606821,0.04219294231707682,-0.5569774354056952,0.22206303724928367,86
MOM_L15_H10_T0,9945.437181108626,0.04216956567633012,-0.6527512100956483,0.1361031518624642,51
MOM_L20_H5_T0,9736.826619725316,0.040843440101212325,-0.44750586821258076,0.058500477554918814,35
BREAK_L2_H2_T100,9733.982139479289,0.04082517400463881,-0.8581872077688943,0.47421203438395415,536
MOM_L15_H7_T0,9711.745677489007,0.04068220731840366,-0.5561612509203311,0.11198662846227316,53
BREAK_L10_H7_T200,9659.268027753853,0.04034358485032796,-0.6369788686933282,0.4768385864374403,209
REV_L5_H10_T0,9636.506533161812,0.0401961738135439,-0.8482397969621287,0.11938872970391595,43
REV_L7_H10_T0,9491.164377785057,0.03924709969065421,-0.4714511124073063,0.07163323782234957,28
MOM_L5_H7_T200,9394.538488225302,0.03860854996420504,-0.56167772722388,0.33118433619866283,171
MOM_L5_H5_T200,8835.592901683793,0.03478899128889945,-0.5958442684304115,0.2617000955109838,188
MOM_L20_H7_T200,8821.27339097412,0.034688184331409966,-0.4071884270051098,0.05682903533906399,23
MOM_L10_H5_T0,8805.67762246395,0.03457821759833135,-0.5577719662009166,0.16809933142311365,108
MOM_L20_H7_T100,8558.734642969845,0.03281216561390665,-0.39308856296114913,0.06351480420248329,27
BREAK_L2_H2_T200,8553.741407120378,0.03277596397858207,-0.878623969346115,0.48471824259789875,550
MOM_L5_H2_T100,8549.701588004426,0.03274666020426853,-0.5607903451356011,0.1812320916905444,208
BREAK_L5_H3_T0,8523.440839794855,0.032555853834659754,-0.8370983357464354,0.4983285577841452,418
MOM_L10_H5_T100,8462.130051167762,0.03210821963920196,-0.4944371454152018,0.13825214899713467,91
REV_L3_H15_T100,8459.315833106568,0.032087599746745354,-0.7197583256798602,0.15759312320916904,42
MOM_L7_H5_T200,8444.296771959444,0.03197744531648006,-0.45159326886556794,0.194603629417383,127
MOM_L5_H2_T0,8428.421488010925,0.03186081070299851,-0.7250415582153588,0.22707736389684813,253
MOM_L7_H3_T100,8203.843394909756,0.030188347647968072,-0.5965662347022895,0.16475644699140402,146
MOM_L15_H3_T0,8193.665122462631,0.030111533375646315,-0.4359416527822434,0.07449856733524356,66
REV_L1_H2_T100,8180.324318280753,0.0300107159013816,-0.48996785677602606,0.14326647564469913,260
REV_L2_H3_T0,8164.209378207703,0.029888727780420066,-0.7386530653202206,0.18481375358166188,219
REV_L7_H2_T0,8107.814529029845,0.02946003642790007,-0.37526385558474873,0.024355300859598854,32
MOM_L3_H5_T100,8016.763087914382,0.028761947885479477,-0.7429149219144435,0.37774594078319007,263
MOM_L15_H15_T200,7769.089268912692,0.026824640331295058,-0.5851832973493126,0.1361031518624642,37
REV_L5_H5_T200,7616.2005519666345,0.02559955498273836,-0.30357330877238353,0.027459407831900668,23
MOM_L15_H5_T100,7569.674767150213,0.025222158055443034,-0.4206108274998439,0.07879656160458452,47
MOM_L5_H15_T200,7553.939434276782,0.02509402636326241,-0.7513321191337683,0.5327125119388729,125
MOM_L20_H15_T200,7536.126833770328,0.024948676539123804,-0.5280152589855497,0.09312320916905444,22
REV_L5_H2_T200,7477.263082782357,0.024466044154965116,-0.22577329590500395,0.014804202483285577,23
MOM_L15_H20_T0,7428.015283089096,0.024059502621720075,-0.7754627131014663,0.224450811843362,45
REV_L1_H3_T200,7421.785596415143,0.024007896043402033,-0.6247733755773137,0.22636103151862463,255
REV_L5_H7_T200,7403.785492150341,0.023858554493533912,-0.33186847818175735,0.03677172874880611,21
MOM_L15_H5_T200,7297.818803946225,0.02297240024558045,-0.3960187400957661,0.07402101241642789,44
REV_L10_H2_T0,7264.440246945491,0.02269076376469803,-0.5950213219260635,0.010506208213944603,17
MOM_L5_H2_T200,7250.801878431764,0.022575337855164523,-0.5621572404497022,0.1774116523400191,209
MOM_L20_H5_T200,7230.320673603631,0.022401614903590383,-0.4091623623533551,0.04536771728748806,27
MOM_L5_H3_T100,6886.482892473144,0.019413931706354193,-0.5591384801662942,0.21012416427889208,198
MOM_L20_H10_T0,6841.7278915426705,0.019014778232397722,-0.5518387367188999,0.08595988538681948,30
REV_L10_H3_T0,6750.857686391147,0.018196733180584346,-0.6384207257845775,0.013610315186246419,14
MOM_L10_H2_T100,6677.814356096446,0.017531633383095713,-0.517054483717181,0.09264565425023878,100
MOM_L15_H15_T100,6642.356356480535,0.017206299598729657,-0.6298802231560857,0.14326647564469913,40
MOM_L15_H3_T100,6620.550446154841,0.017005414711338318,-0.34189920012170516,0.06160458452722063,54
MOM_L15_H7_T200,6613.6725441731,0.016941923662899816,-0.4336027642496667,0.08524355300859598,43
MOM_L20_H10_T200,6595.66253174381,0.016775375775623713,-0.40015229190685475,0.06924546322827126,24
MOM_L2_H2_T100,6511.085193803175,0.015987483185652795,-0.7788413653652846,0.278414517669532,433
REV_L5_H20_T200,6484.767208299363,0.015740351053435964,-0.6480605796821088,0.10028653295128939,21
MOM_L15_H7_T100,6454.774081057271,0.01545755645761071,-0.48255111882384594,0.09192932187201529,45
BREAK_L5_H3_T200,6398.293039920735,0.01492164741979618,-0.6140965766681197,0.4295606494746896,366
MOM_L7_H3_T0,6351.0177192760475,0.01446965539133771,-0.7378903799336287,0.20487106017191978,176
REV_L7_H15_T0,6282.652670906104,0.013810402642815411,-0.6270856144943912,0.09312320916905444,25
REV_L5_H3_T200,6271.648573861969,0.013703659232652932,-0.29138334387752585,0.02005730659025788,23
MOM_L7_H2_T100,6155.492240961419,0.012566040467924644,-0.4701064775035708,0.1384909264565425,151
REV_L10_H20_T100,6107.359005503491,0.012088706857980469,-0.0925984915610929,0.004775549188156638,1
MOM_L20_H2_T0,6088.7527630804225,0.011903242006131132,-0.3427918111997673,0.04011461318051576,40
REV_L5_H10_T200,6088.6991565408825,0.011902706893208492,-0.505405695842646,0.050143266475644696,21
REV_L10_H5_T0,6049.050611441583,0.01150570791607497,-0.5726042591106109,0.01790830945558739,13
REV_L10_H7_T0,6032.837585339691,0.01134266269263362,-0.6005174797294196,0.023400191021967526,12
MOM_L5_H3_T0,6016.997844322499,0.011182973153894382,-0.7473592386703771,0.26241642788920727,236
REV_L7_H20_T0,5941.256148702626,0.010413873157762765,-0.6781198176304868,0.11461318051575932,24
MOM_L10_H3_T100,5891.559962285981,0.009904222643179805,-0.5318770827893567,0.10530085959885387,97
REV_L1_H3_T100,5839.809347587255,0.009369190392558568,-0.5097218922180646,0.19197707736389685,225
MOM_L15_H10_T100,5839.779774030874,0.009368883369365477,-0.5563543735881079,0.11700095510983763,43
REV_L15_H20_T0,5813.902363400139,0.009099670653392566,-0.4981628110374178,0.009551098376313277,2
MOM_L15_H2_T100,5683.619545772838,0.007726940407773331,-0.3704707025961185,0.05205348615090735,54
MOM_L15_H3_T200,5682.255788681799,0.007712415309090392,-0.3641306558575833,0.055873925501432664,51
MOM_L20_H20_T100,5669.82941712699,0.007579913399067939,-0.6923247393463854,0.12416427889207259,26
MOM_L20_H5_T100,5649.243442570026,0.007359804129751124,-0.4308179555403375,0.05133715377268386,32
MOM_L20_H15_T100,5600.437184626296,0.006834930552821916,-0.6239864392209746,0.10386819484240688,25
REV_L10_H15_T100,5597.429069057902,0.006802440102144036,-0.0925984915610929,0.0035816618911174787,1
MOM_L3_H2_T200,5589.039824045974,0.006711741654444436,-0.5707877459961392,0.24689589302769818,324
MOM_L3_H2_T0,5578.873396915629,0.006601657947331363,-0.8575388770584761,0.31757402101241644,390
REV_L10_H2_T200,5547.105535413835,0.006256451175825184,-0.22428613534099695,0.0014326647564469914,3
MOM_L15_H10_T200,5495.632663629947,0.005693154644576204,-0.5043660162993355,0.10983763132760267,42
MOM_L15_H20_T200,5488.121162948719,0.005610537751289613,-0.7642369010710873,0.18147086914995225,36
REV_L5_H2_T100,5480.644326595053,0.005528196503754135,-0.24872302247938738,0.0052531041069723014,7
MOM_L20_H3_T0,5435.869387288944,0.00503287639601635,-0.4641270577684943,0.04799426934097421,37
MOM_L10_H2_T0,5416.319445933763,0.004815402527244883,-0.6378051834673122,0.11604584527220631,122
MOM_L15_H2_T0,5411.569693152492,0.0047624548039166825,-0.4254593079594551,0.06303724928366762,67
MOM_L3_H3_T0,5338.730110785359,0.003944959254659208,-0.8174141135759457,0.3629417382999045,384
REV_L15_H10_T0,5338.386875690959,0.003941082288885456,-0.4981628110374179,0.0071633237822349575,2
MOM_L2_H2_T200,5295.996989759093,0.003460462462528957,-0.7754929235252814,0.28653295128939826,435
REV_L10_H7_T100,5269.411609880525,0.0031571869570239386,-0.0925984915610929,0.0016714422158548234,1
MOM_L10_H3_T0,5265.665316429089,0.003114335160892434,-0.6903939334676248,0.1310888252148997,115
REV_L10_H20_T0,5261.981533141411,0.003072170432327992,-0.6045338729075591,0.05730659025787966,12
REV_L10_H7_T200,5236.28987936247,0.0027773288767538595,-0.31117106647317383,0.0033428844317096467,2
REV_L10_H10_T100,5214.064297287276,0.0025211655023247292,-0.0925984915610929,0.002387774594078319,1
MOM_L20_H3_T200,5199.022129631775,0.002347212335302551,-0.4099250984949141,0.03796561604584527,29
REV_L20_H20_T0,5168.454080180562,0.001992249869950058,-0.3752638555847486,0.004775549188156638,1
MOM_L7_H3_T200,5167.400752119057,0.0019799832707403375,-0.5086532351036934,0.15902578796561603,145
MOM_L10_H5_T200,5165.871486653719,0.001962169928375168,-0.48754639140477474,0.1310888252148997,89
MOM_L3_H2_T100,5074.2248872264,0.000885489042041554,-0.6381412087601114,0.24880611270296085,321
REV_L10_H3_T100,5040.289747199718,0.00048217037704367804,-0.05192900229304109,0.0007163323782234957,1
REV_L7_H5_T100,5037.383394808414,0.000447509858015227,-0.16988748568631273,0.004775549188156638,4
REV_L15_H3_T100,5000.0,0.0,0.0,0.0,0
REV_L15_H5_T100,5000.0,0.0,0.0,0.0,0
REV_L15_H15_T200,5000.0,0.0,0.0,0.0,0
REV_L15_H20_T100,5000.0,0.0,0.0,0.0,0
REV_L20_H3_T100,5000.0,0.0,0.0,0.0,0
REV_L15_H20_T200,5000.0,0.0,0.0,0.0,0
REV_L15_H15_T100,5000.0,0.0,0.0,0.0,0
REV_L20_H20_T200,5000.0,0.0,0.0,0.0,0
REV_L15_H7_T200,5000.0,0.0,0.0,0.0,0
REV_L15_H10_T200,5000.0,0.0,0.0,0.0,0
REV_L15_H2_T100,5000.0,0.0,0.0,0.0,0
REV_L15_H3_T200,5000.0,0.0,0.0,0.0,0
REV_L15_H7_T100,5000.0,0.0,0.0,0.0,0
REV_L15_H5_T200,5000.0,0.0,0.0,0.0,0
REV_L15_H2_T200,5000.0,0.0,0.0,0.0,0
REV_L15_H10_T100,5000.0,0.0,0.0,0.0,0
REV_L20_H5_T200,5000.0,0.0,0.0,0.0,0
REV_L20_H5_T100,5000.0,0.0,0.0,0.0,0
REV_L20_H2_T200,5000.0,0.0,0.0,0.0,0
REV_L20_H2_T100,5000.0,0.0,0.0,0.0,0
REV_L20_H15_T100,5000.0,0.0,0.0,0.0,0
REV_L20_H10_T200,5000.0,0.0,0.0,0.0,0
REV_L20_H15_T200,5000.0,0.0,0.0,0.0,0
REV_L20_H20_T100,5000.0,0.0,0.0,0.0,0
REV_L20_H3_T200,5000.0,0.0,0.0,0.0,0
REV_L20_H10_T100,5000.0,0.0,0.0,0.0,0
REV_L20_H7_T200,5000.0,0.0,0.0,0.0,0
REV_L20_H7_T100,5000.0,0.0,0.0,0.0,0
REV_L10_H5_T200,4978.695403415954,-0.000256442341642904,-0.24886017975839236,0.002387774594078319,2
MOM_L5_H5_T0,4956.298444524987,-0.0005271479244893795,-0.7304197691285967,0.3213944603629417,225
MOM_L3_H3_T100,4940.99712044813,-0.0007127525139023483,-0.6553257630656423,0.28629417382999045,314
REV_L10_H2_T100,4932.442945906104,-0.0008167499623334962,-0.05192900229304109,0.0004775549188156638,1
REV_L10_H10_T0,4886.41597294949,-0.0013792501385327949,-0.6005174797294195,0.031041069723018146,12
REV_L15_H15_T0,4831.817503375157,-0.0020529973289983294,-0.4981628110374179,0.0071633237822349575,2
REV_L15_H2_T0,4781.693332246048,-0.0026778617714996455,-0.4735726954223888,0.0033428844317096467,4
REV_L5_H5_T100,4764.047160959744,-0.0028993108193208217,-0.28438147877873665,0.008357211079274117,7
REV_L5_H15_T200,4734.920369792792,-0.0032665270336710295,-0.718814631223506,0.07521489971346705,21
MOM_L5_H10_T200,4708.071458653929,-0.003606910399164165,-0.7282392157044306,0.413323782234957,148
REV_L10_H5_T100,4682.972323392033,-0.003926764656263071,-0.0925984915610929,0.0011938872970391596,1
REV_L5_H3_T100,4612.290194831045,-0.004836247419523598,-0.39262328946621483,0.0064469914040114614,8
MOM_L7_H2_T0,4539.916942183244,-0.005781166903109924,-0.5961095383328824,0.17478510028653296,184
REV_L10_H3_T200,4533.387133283702,-0.005867116433912578,-0.34374157403025674,0.002148997134670487,2
MOM_L20_H3_T100,4427.671818551478,-0.007275045140305747,-0.4467505721783753,0.04369627507163324,32
MOM_L15_H20_T100,4403.2547135357145,-0.007604723953931636,-0.8017408516691994,0.19102196752626552,37
REV_L20_H5_T0,4367.3431506201,-0.008092736104753029,-0.3752638555847486,0.002387774594078319,1
REV_L20_H10_T0,4367.3431506201,-0.008092736104753029,-0.3752638555847486,0.002387774594078319,1
MOM_L20_H2_T200,4356.48019412752,-0.008241098968642002,-0.4236810279832792,0.03199617956064948,30
REV_L7_H3_T200,4330.388560593785,-0.008598875864912592,-0.2494367829380375,0.0064469914040114614,7
MOM_L15_H2_T200,4290.974876191205,-0.009143189836616439,-0.47308447163886536,0.045845272206303724,53
REV_L15_H3_T0,4267.534051921586,-0.00946914699933854,-0.498162811037418,0.004297994269340974,2
REV_L20_H2_T0,4230.4753236047645,-0.009987917810527658,-0.3752638555847486,0.0019102196752626551,1
MOM_L20_H2_T100,4206.818904516538,-0.010321313149832645,-0.38140085832067716,0.03677172874880611,35
REV_L20_H15_T0,4197.932951728459,-0.010447000370660486,-0.3752638555847486,0.0035816618911174787,1
REV_L20_H3_T0,4195.061304882484,-0.010487671803424359,-0.3752638555847486,0.002148997134670487,1
MOM_L20_H10_T100,4187.333510741328,-0.010597251459505186,-0.5342644832143512,0.07879656160458452,28
REV_L7_H2_T200,4149.111841855417,-0.011142043201941898,-0.24232235022646287,0.0057306590257879654,7
REV_L15_H7_T0,4120.415143396592,-0.01155418021528154,-0.4981628110374179,0.00501432664756447,2
REV_L15_H5_T0,4109.900963289192,-0.011705858669816882,-0.4997470874278066,0.004775549188156638,2
REV_L10_H20_T200,4073.655465375587,-0.012231549905099226,-0.6005174797294194,0.009551098376313277,2
REV_L5_H7_T100,4063.4018141801425,-0.012381062883586313,-0.46818030617771367,0.011700095510983763,7
MOM_L10_H3_T200,3996.246346676741,-0.01336914407067713,-0.5821972257360327,0.0995702005730659,94
REV_L10_H10_T200,3981.6209756258554,-0.013586400511396923,-0.4964563878285101,0.004775549188156638,2
REV_L20_H7_T0,3943.3378863952535,-0.014158658151009695,-0.3752638555847486,0.0033428844317096467,1
REV_L7_H10_T100,3912.049107679343,-0.014630255840902162,-0.4212891712335187,0.009551098376313277,4
MOM_L5_H3_T200,3901.1502511727995,-0.014795360893416709,-0.6164670433576762,0.20940783190066858,196
REV_L7_H3_T100,3838.4462751948113,-0.015753760443587894,-0.3587690209767431,0.004297994269340974,5
REV_L7_H5_T200,3799.7043648660742,-0.016353293609913777,-0.3909163138498061,0.009551098376313277,7
MOM_L7_H2_T200,3718.1909048858497,-0.017633711165911947,-0.5908716040795687,0.13276026743075453,153
REV_L7_H7_T100,3715.013297227857,-0.01768415774866572,-0.3606813046736036,0.0066857688634192934,4
MOM_L10_H2_T200,3682.685894791462,-0.018199694088388618,-0.6230497293100072,0.08691499522445081,100
REV_L7_H20_T100,3553.737174395252,-0.02029932349321817,-0.6043527758930021,0.019102196752626553,4
REV_L10_H15_T200,3517.519094650724,-0.020901935340117972,-0.5809427619211518,0.0071633237822349575,2
REV_L7_H2_T100,3362.193466161368,-0.02355427497121565,-0.36193992410298703,0.0033428844317096467,5
REV_L7_H7_T200,3321.547999049697,-0.024267345570972654,-0.4934127125973483,0.011700095510983763,7
REV_L7_H20_T200,3283.5974261267293,-0.02494058093080065,-0.6288002370182222,0.033428844317096466,7
REV_L5_H10_T100,3186.0392892227546,-0.026705397200733172,-0.5667279825345959,0.016714422158548233,7
REV_L7_H10_T200,2946.0664161888867,-0.031272522754168475,-0.575662860051588,0.016714422158548233,7
MOM_L3_H3_T200,2851.7026528442507,-0.033164888138444204,-0.7115275873376687,0.28629417382999045,316
REV_L7_H15_T100,2547.8172488097402,-0.03968631565671332,-0.6792775787230523,0.014326647564469915,4
REV_L7_H15_T200,2048.192564662195,-0.052194578645687106,-0.7129958272160383,0.025071633237822348,7
REV_L5_H20_T100,2033.3870692652017,-0.05260749906539797,-0.7192558578139447,0.033428844317096466,7
REV_L5_H15_T100,1954.2802916480514,-0.0548628257821836,-0.7466006518153725,0.025071633237822348,7
